"","REGION","ISLAND","DIVEID","SEGMENT","ANALYSIS_SEC"
"1","MARIAN","Guam",201105051,1,"GUAM_EAST_OPEN"
"2","MARIAN","Guam",201105051,2,"GUAM_EAST_OPEN"
"3","MARIAN","Guam",201105051,3,"GUAM_EAST_OPEN"
"4","MARIAN","Guam",201105051,4,"GUAM_EAST_OPEN"
"5","MARIAN","Guam",201105051,5,"GUAM_EAST_OPEN"
"6","MARIAN","Guam",201105051,6,"GUAM_EAST_OPEN"
"7","MARIAN","Guam",201105051,7,"GUAM_EAST_OPEN"
"8","MARIAN","Guam",201105051,8,"GUAM_EAST_OPEN"
"9","MARIAN","Guam",201105051,9,"GUAM_EAST_OPEN"
"10","MARIAN","Guam",201105051,10,"GUAM_EAST_OPEN"
"11","MARIAN","Guam",201105052,1,"GUAM_EAST_OPEN"
"12","MARIAN","Guam",201105052,2,"GUAM_EAST_OPEN"
"13","MARIAN","Guam",201105052,3,"GUAM_EAST_OPEN"
"14","MARIAN","Guam",201105052,4,"GUAM_EAST_OPEN"
"15","MARIAN","Guam",201105052,5,"GUAM_EAST_OPEN"
"16","MARIAN","Guam",201105052,6,"GUAM_EAST_OPEN"
"17","MARIAN","Guam",201105052,7,"GUAM_EAST_OPEN"
"18","MARIAN","Guam",201105052,8,"GUAM_EAST_OPEN"
"19","MARIAN","Guam",201105052,9,"GUAM_EAST_OPEN"
"20","MARIAN","Guam",201105052,10,"GUAM_EAST_OPEN"
"21","MARIAN","Guam",201105053,1,"GUAM_EAST_OPEN"
"22","MARIAN","Guam",201105053,2,"GUAM_EAST_OPEN"
"23","MARIAN","Guam",201105053,3,"GUAM_EAST_OPEN"
"24","MARIAN","Guam",201105053,4,"GUAM_EAST_OPEN"
"25","MARIAN","Guam",201105053,5,"GUAM_EAST_OPEN"
"26","MARIAN","Guam",201105053,6,"GUAM_EAST_OPEN"
"27","MARIAN","Guam",201105053,7,"GUAM_EAST_OPEN"
"28","MARIAN","Guam",201105053,8,"GUAM_EAST_OPEN"
"29","MARIAN","Guam",201105053,9,"GUAM_EAST_OPEN"
"30","MARIAN","Guam",201105053,10,"GUAM_EAST_OPEN"
"31","MARIAN","Guam",201105054,1,"GUAM_EAST_OPEN"
"32","MARIAN","Guam",201105054,2,"GUAM_EAST_OPEN"
"33","MARIAN","Guam",201105054,3,"GUAM_EAST_OPEN"
"34","MARIAN","Guam",201105054,4,"GUAM_EAST_OPEN"
"35","MARIAN","Guam",201105054,5,"GUAM_EAST_OPEN"
"36","MARIAN","Guam",201105054,6,"GUAM_EAST_OPEN"
"37","MARIAN","Guam",201105054,7,"GUAM_EAST_OPEN"
"38","MARIAN","Guam",201105054,8,"GUAM_EAST_OPEN"
"39","MARIAN","Guam",201105054,9,"GUAM_EAST_OPEN"
"40","MARIAN","Guam",201105054,10,"GUAM_EAST_OPEN"
"41","MARIAN","Guam",201105055,1,"GUAM_EAST_OPEN"
"42","MARIAN","Guam",201105055,2,"GUAM_EAST_OPEN"
"43","MARIAN","Guam",201105055,3,"GUAM_EAST_OPEN"
"44","MARIAN","Guam",201105055,4,"GUAM_EAST_OPEN"
"45","MARIAN","Guam",201105055,5,"GUAM_EAST_OPEN"
"46","MARIAN","Guam",201105055,6,"GUAM_EAST_OPEN"
"47","MARIAN","Guam",201105055,7,"GUAM_EAST_OPEN"
"48","MARIAN","Guam",201105055,8,"GUAM_EAST_OPEN"
"49","MARIAN","Guam",201105055,9,"GUAM_EAST_OPEN"
"50","MARIAN","Guam",201105055,10,"GUAM_EAST_OPEN"
"51","MARIAN","Guam",201105061,1,"GUAM_WEST_OPEN"
"52","MARIAN","Guam",201105061,2,"GUAM_WEST_OPEN"
"53","MARIAN","Guam",201105061,3,"GUAM_WEST_OPEN"
"54","MARIAN","Guam",201105061,4,"GUAM_WEST_OPEN"
"55","MARIAN","Guam",201105061,5,"GUAM_WEST_OPEN"
"56","MARIAN","Guam",201105061,6,"GUAM_WEST_OPEN"
"57","MARIAN","Guam",201105061,7,"GUAM_WEST_OPEN"
"58","MARIAN","Guam",201105061,8,"GUAM_WEST_OPEN"
"59","MARIAN","Guam",201105061,9,"GUAM_WEST_OPEN"
"60","MARIAN","Guam",201105061,10,"GUAM_WEST_OPEN"
"61","MARIAN","Guam",201105062,1,"GUAM_WEST_OPEN"
"62","MARIAN","Guam",201105062,2,"GUAM_WEST_OPEN"
"63","MARIAN","Guam",201105062,3,"GUAM_WEST_OPEN"
"64","MARIAN","Guam",201105062,4,"GUAM_WEST_OPEN"
"65","MARIAN","Guam",201105062,5,"GUAM_WEST_OPEN"
"66","MARIAN","Guam",201105062,6,"GUAM_WEST_OPEN"
"67","MARIAN","Guam",201105062,7,"GUAM_WEST_OPEN"
"68","MARIAN","Guam",201105062,8,"GUAM_WEST_OPEN"
"69","MARIAN","Guam",201105062,9,"GUAM_WEST_OPEN"
"70","MARIAN","Guam",201105062,10,"GUAM_WEST_OPEN"
"71","MARIAN","Guam",201105063,1,"PATI_PT_MPA"
"72","MARIAN","Guam",201105063,2,"PATI_PT_MPA"
"73","MARIAN","Guam",201105063,3,"PATI_PT_MPA"
"74","MARIAN","Guam",201105063,4,"PATI_PT_MPA"
"75","MARIAN","Guam",201105063,5,"PATI_PT_MPA"
"76","MARIAN","Guam",201105063,6,"PATI_PT_MPA"
"77","MARIAN","Guam",201105063,7,"PATI_PT_MPA"
"78","MARIAN","Guam",201105063,8,"PATI_PT_MPA"
"79","MARIAN","Guam",201105063,9,"PATI_PT_MPA"
"80","MARIAN","Guam",201105063,10,"PATI_PT_MPA"
"81","MARIAN","Guam",201105064,1,"PATI_PT_MPA"
"82","MARIAN","Guam",201105064,2,"PATI_PT_MPA"
"83","MARIAN","Guam",201105064,3,"PATI_PT_MPA"
"84","MARIAN","Guam",201105064,4,"PATI_PT_MPA"
"85","MARIAN","Guam",201105064,5,"PATI_PT_MPA"
"86","MARIAN","Guam",201105064,6,"PATI_PT_MPA"
"87","MARIAN","Guam",201105064,7,"PATI_PT_MPA"
"88","MARIAN","Guam",201105064,8,"PATI_PT_MPA"
"89","MARIAN","Guam",201105064,9,"PATI_PT_MPA"
"90","MARIAN","Guam",201105064,10,"PATI_PT_MPA"
"91","MARIAN","Guam",201105065,1,"PATI_PT_MPA"
"92","MARIAN","Guam",201105065,2,"PATI_PT_MPA"
"93","MARIAN","Guam",201105065,3,"PATI_PT_MPA"
"94","MARIAN","Guam",201105065,4,"PATI_PT_MPA"
"95","MARIAN","Guam",201105065,5,"PATI_PT_MPA"
"96","MARIAN","Guam",201105065,6,"PATI_PT_MPA"
"97","MARIAN","Guam",201105065,7,"PATI_PT_MPA"
"98","MARIAN","Guam",201105065,8,"PATI_PT_MPA"
"99","MARIAN","Guam",201105065,9,"PATI_PT_MPA"
"100","MARIAN","Guam",201105065,10,"PATI_PT_MPA"
"101","MARIAN","Guam",201105071,1,"GUAM_WEST_OPEN"
"102","MARIAN","Guam",201105071,2,"GUAM_WEST_OPEN"
"103","MARIAN","Guam",201105071,3,"GUAM_WEST_OPEN"
"104","MARIAN","Guam",201105071,4,"GUAM_WEST_OPEN"
"105","MARIAN","Guam",201105071,5,"GUAM_WEST_OPEN"
"106","MARIAN","Guam",201105071,6,"GUAM_WEST_OPEN"
"107","MARIAN","Guam",201105071,7,"GUAM_WEST_OPEN"
"108","MARIAN","Guam",201105071,8,"GUAM_WEST_OPEN"
"109","MARIAN","Guam",201105071,9,"GUAM_WEST_OPEN"
"110","MARIAN","Guam",201105071,10,"GUAM_WEST_OPEN"
"111","MARIAN","Guam",201105072,1,"GUAM_WEST_OPEN"
"112","MARIAN","Guam",201105072,2,"GUAM_WEST_OPEN"
"113","MARIAN","Guam",201105072,3,"GUAM_WEST_OPEN"
"114","MARIAN","Guam",201105072,4,"GUAM_WEST_OPEN"
"115","MARIAN","Guam",201105072,5,"GUAM_WEST_OPEN"
"116","MARIAN","Guam",201105072,6,"GUAM_WEST_OPEN"
"117","MARIAN","Guam",201105072,7,"GUAM_WEST_OPEN"
"118","MARIAN","Guam",201105072,8,"GUAM_WEST_OPEN"
"119","MARIAN","Guam",201105072,9,"GUAM_WEST_OPEN"
"120","MARIAN","Guam",201105072,10,"GUAM_WEST_OPEN"
"121","MARIAN","Guam",201105073,1,"GUAM_WEST_OPEN"
"122","MARIAN","Guam",201105073,2,"GUAM_WEST_OPEN"
"123","MARIAN","Guam",201105073,3,"GUAM_WEST_OPEN"
"124","MARIAN","Guam",201105073,4,"GUAM_WEST_OPEN"
"125","MARIAN","Guam",201105073,5,"GUAM_WEST_OPEN"
"126","MARIAN","Guam",201105073,6,"GUAM_WEST_OPEN"
"127","MARIAN","Guam",201105073,7,"GUAM_WEST_OPEN"
"128","MARIAN","Guam",201105073,8,"ACHANG_MPA"
"129","MARIAN","Guam",201105073,9,"ACHANG_MPA"
"130","MARIAN","Guam",201105073,10,"ACHANG_MPA"
"131","MARIAN","Guam",201105074,1,"GUAM_EAST_OPEN"
"132","MARIAN","Guam",201105074,2,"GUAM_EAST_OPEN"
"133","MARIAN","Guam",201105074,3,"GUAM_EAST_OPEN"
"134","MARIAN","Guam",201105074,4,"GUAM_EAST_OPEN"
"135","MARIAN","Guam",201105074,5,"GUAM_EAST_OPEN"
"136","MARIAN","Guam",201105074,6,"GUAM_EAST_OPEN"
"137","MARIAN","Guam",201105074,7,"GUAM_EAST_OPEN"
"138","MARIAN","Guam",201105074,8,"GUAM_EAST_OPEN"
"139","MARIAN","Guam",201105074,9,"GUAM_EAST_OPEN"
"140","MARIAN","Guam",201105074,10,"GUAM_EAST_OPEN"
"141","MARIAN","Guam",201105075,1,"GUAM_EAST_OPEN"
"142","MARIAN","Guam",201105075,2,"GUAM_EAST_OPEN"
"143","MARIAN","Guam",201105075,3,"GUAM_EAST_OPEN"
"144","MARIAN","Guam",201105075,4,"GUAM_EAST_OPEN"
"145","MARIAN","Guam",201105075,5,"GUAM_EAST_OPEN"
"146","MARIAN","Guam",201105075,6,"GUAM_EAST_OPEN"
"147","MARIAN","Guam",201105075,7,"GUAM_EAST_OPEN"
"148","MARIAN","Guam",201105075,8,"GUAM_EAST_OPEN"
"149","MARIAN","Guam",201105075,9,"GUAM_EAST_OPEN"
"150","MARIAN","Guam",201105075,10,"GUAM_EAST_OPEN"
"151","MARIAN","Guam",201105081,1,"PITI_BOMB_MPA"
"152","MARIAN","Guam",201105081,2,"PITI_BOMB_MPA"
"153","MARIAN","Guam",201105081,3,"PITI_BOMB_MPA"
"154","MARIAN","Guam",201105081,4,"PITI_BOMB_MPA"
"155","MARIAN","Guam",201105081,5,"PITI_BOMB_MPA"
"156","MARIAN","Guam",201105081,6,"PITI_BOMB_MPA"
"157","MARIAN","Guam",201105081,7,"GUAM_WEST_OPEN"
"158","MARIAN","Guam",201105081,8,"GUAM_WEST_OPEN"
"159","MARIAN","Guam",201105081,9,"GUAM_WEST_OPEN"
"160","MARIAN","Guam",201105081,10,"GUAM_WEST_OPEN"
"161","MARIAN","Guam",201105082,1,"GUAM_WEST_OPEN"
"162","MARIAN","Guam",201105082,2,"GUAM_WEST_OPEN"
"163","MARIAN","Guam",201105082,3,"GUAM_WEST_OPEN"
"164","MARIAN","Guam",201105082,4,"GUAM_WEST_OPEN"
"165","MARIAN","Guam",201105082,5,"GUAM_WEST_OPEN"
"166","MARIAN","Guam",201105082,6,"GUAM_WEST_OPEN"
"167","MARIAN","Guam",201105082,7,"GUAM_WEST_OPEN"
"168","MARIAN","Guam",201105082,8,"GUAM_WEST_OPEN"
"169","MARIAN","Guam",201105082,9,"GUAM_WEST_OPEN"
"170","MARIAN","Guam",201105082,10,"GUAM_WEST_OPEN"
"171","MARIAN","Guam",201105083,1,"TUMON_BAY_MPA"
"172","MARIAN","Guam",201105083,2,"TUMON_BAY_MPA"
"173","MARIAN","Guam",201105083,3,"TUMON_BAY_MPA"
"174","MARIAN","Guam",201105083,4,"TUMON_BAY_MPA"
"175","MARIAN","Guam",201105083,5,"TUMON_BAY_MPA"
"176","MARIAN","Guam",201105083,6,"TUMON_BAY_MPA"
"177","MARIAN","Guam",201105083,7,"TUMON_BAY_MPA"
"178","MARIAN","Guam",201105083,8,"TUMON_BAY_MPA"
"179","MARIAN","Guam",201105083,9,"TUMON_BAY_MPA"
"180","MARIAN","Guam",201105083,10,"TUMON_BAY_MPA"
"181","MARIAN","Guam",201105084,1,"GUAM_WEST_OPEN"
"182","MARIAN","Guam",201105084,2,"GUAM_WEST_OPEN"
"183","MARIAN","Guam",201105084,3,"GUAM_WEST_OPEN"
"184","MARIAN","Guam",201105084,4,"GUAM_WEST_OPEN"
"185","MARIAN","Guam",201105084,5,"GUAM_WEST_OPEN"
"186","MARIAN","Guam",201105084,6,"GUAM_WEST_OPEN"
"187","MARIAN","Guam",201105084,7,"GUAM_WEST_OPEN"
"188","MARIAN","Guam",201105084,8,"GUAM_WEST_OPEN"
"189","MARIAN","Guam",201105084,9,"GUAM_WEST_OPEN"
"190","MARIAN","Guam",201105084,10,"GUAM_WEST_OPEN"
"191","MARIAN","Guam",201105085,1,"GUAM_WEST_OPEN"
"192","MARIAN","Guam",201105085,2,"GUAM_WEST_OPEN"
"193","MARIAN","Guam",201105085,3,"GUAM_WEST_OPEN"
"194","MARIAN","Guam",201105085,4,"GUAM_WEST_OPEN"
"195","MARIAN","Guam",201105085,5,"GUAM_WEST_OPEN"
"196","MARIAN","Guam",201105085,6,"GUAM_WEST_OPEN"
"197","MARIAN","Guam",201105085,7,"GUAM_WEST_OPEN"
"198","MARIAN","Guam",201105085,8,"GUAM_WEST_OPEN"
"199","MARIAN","Guam",201105085,9,"GUAM_WEST_OPEN"
"200","MARIAN","Guam",201105085,10,"GUAM_WEST_OPEN"
"201","MARIAN","Guam",201105086,1,"GUAM_WEST_OPEN"
"202","MARIAN","Guam",201105086,2,"GUAM_WEST_OPEN"
"203","MARIAN","Guam",201105086,3,"GUAM_WEST_OPEN"
"204","MARIAN","Guam",201105086,4,"GUAM_WEST_OPEN"
"205","MARIAN","Guam",201105086,5,"GUAM_WEST_OPEN"
"206","MARIAN","Guam",201105086,6,"GUAM_WEST_OPEN"
"207","MARIAN","Guam",201105086,7,"GUAM_WEST_OPEN"
"208","MARIAN","Guam",201105086,8,"GUAM_WEST_OPEN"
"209","MARIAN","Guam",201105086,9,"GUAM_WEST_OPEN"
"210","MARIAN","Guam",201105086,10,"GUAM_WEST_OPEN"
"211","MARIAN","Guam",201105091,1,"GUAM_WEST_OPEN"
"212","MARIAN","Guam",201105091,2,"GUAM_WEST_OPEN"
"213","MARIAN","Guam",201105091,3,"GUAM_WEST_OPEN"
"214","MARIAN","Guam",201105091,4,"GUAM_WEST_OPEN"
"215","MARIAN","Guam",201105091,5,"GUAM_WEST_OPEN"
"216","MARIAN","Guam",201105091,6,"GUAM_WEST_OPEN"
"217","MARIAN","Guam",201105091,7,"GUAM_WEST_OPEN"
"218","MARIAN","Guam",201105091,8,"GUAM_WEST_OPEN"
"219","MARIAN","Guam",201105091,9,"GUAM_WEST_OPEN"
"220","MARIAN","Guam",201105091,10,"GUAM_WEST_OPEN"
"221","MARIAN","Guam",201105092,1,"GUAM_WEST_OPEN"
"222","MARIAN","Guam",201105092,2,"GUAM_WEST_OPEN"
"223","MARIAN","Guam",201105092,3,"GUAM_WEST_OPEN"
"224","MARIAN","Guam",201105092,4,"GUAM_WEST_OPEN"
"225","MARIAN","Guam",201105092,5,"GUAM_WEST_OPEN"
"226","MARIAN","Guam",201105092,6,"GUAM_WEST_OPEN"
"227","MARIAN","Guam",201105092,7,"GUAM_WEST_OPEN"
"228","MARIAN","Guam",201105092,8,"GUAM_WEST_OPEN"
"229","MARIAN","Guam",201105092,9,"GUAM_WEST_OPEN"
"230","MARIAN","Guam",201105092,10,"GUAM_WEST_OPEN"
"231","MARIAN","Guam",201403251,1,"GUAM_WEST_OPEN"
"232","MARIAN","Guam",201403251,2,"GUAM_WEST_OPEN"
"233","MARIAN","Guam",201403251,3,"GUAM_WEST_OPEN"
"234","MARIAN","Guam",201403252,1,"GUAM_WEST_OPEN"
"235","MARIAN","Guam",201403252,2,"GUAM_WEST_OPEN"
"236","MARIAN","Guam",201403252,3,"GUAM_WEST_OPEN"
"237","MARIAN","Guam",201403252,4,"GUAM_WEST_OPEN"
"238","MARIAN","Guam",201403252,5,"GUAM_WEST_OPEN"
"239","MARIAN","Guam",201403252,6,"GUAM_WEST_OPEN"
"240","MARIAN","Guam",201403252,7,"GUAM_WEST_OPEN"
"241","MARIAN","Guam",201403253,1,"GUAM_WEST_OPEN"
"242","MARIAN","Guam",201403253,2,"GUAM_WEST_OPEN"
"243","MARIAN","Guam",201403253,3,"GUAM_WEST_OPEN"
"244","MARIAN","Guam",201403253,4,"GUAM_WEST_OPEN"
"245","MARIAN","Guam",201403253,5,"GUAM_WEST_OPEN"
"246","MARIAN","Guam",201403253,6,"GUAM_WEST_OPEN"
"247","MARIAN","Guam",201403253,7,"GUAM_WEST_OPEN"
"248","MARIAN","Guam",201403253,8,"GUAM_WEST_OPEN"
"249","MARIAN","Guam",201403253,9,"GUAM_WEST_OPEN"
"250","MARIAN","Guam",201403253,10,"GUAM_WEST_OPEN"
"251","MARIAN","Guam",201403254,1,"TUMON_BAY_MPA"
"252","MARIAN","Guam",201403254,2,"TUMON_BAY_MPA"
"253","MARIAN","Guam",201403254,3,"TUMON_BAY_MPA"
"254","MARIAN","Guam",201403254,4,"TUMON_BAY_MPA"
"255","MARIAN","Guam",201403254,5,"GUAM_WEST_OPEN"
"256","MARIAN","Guam",201403254,6,"GUAM_WEST_OPEN"
"257","MARIAN","Guam",201403254,7,"GUAM_WEST_OPEN"
"258","MARIAN","Guam",201403254,8,"GUAM_WEST_OPEN"
"259","MARIAN","Guam",201403254,9,"GUAM_WEST_OPEN"
"260","MARIAN","Guam",201403254,10,"GUAM_WEST_OPEN"
"261","MARIAN","Guam",201403255,1,"GUAM_WEST_OPEN"
"262","MARIAN","Guam",201403255,2,"GUAM_WEST_OPEN"
"263","MARIAN","Guam",201403255,3,"GUAM_WEST_OPEN"
"264","MARIAN","Guam",201403255,4,"GUAM_WEST_OPEN"
"265","MARIAN","Guam",201403255,5,"GUAM_WEST_OPEN"
"266","MARIAN","Guam",201403255,6,"GUAM_WEST_OPEN"
"267","MARIAN","Guam",201403255,7,"TUMON_BAY_MPA"
"268","MARIAN","Guam",201403255,8,"TUMON_BAY_MPA"
"269","MARIAN","Guam",201403255,9,"TUMON_BAY_MPA"
"270","MARIAN","Guam",201403255,10,"TUMON_BAY_MPA"
"271","MARIAN","Guam",201403256,1,"GUAM_WEST_OPEN"
"272","MARIAN","Guam",201403256,2,"GUAM_WEST_OPEN"
"273","MARIAN","Guam",201403256,3,"GUAM_WEST_OPEN"
"274","MARIAN","Guam",201403256,4,"GUAM_WEST_OPEN"
"275","MARIAN","Guam",201403256,5,"GUAM_WEST_OPEN"
"276","MARIAN","Guam",201403256,6,"GUAM_WEST_OPEN"
"277","MARIAN","Guam",201403256,7,"GUAM_WEST_OPEN"
"278","MARIAN","Guam",201403256,8,"GUAM_WEST_OPEN"
"279","MARIAN","Guam",201403256,9,"GUAM_WEST_OPEN"
"280","MARIAN","Guam",201403256,10,"GUAM_WEST_OPEN"
"281","MARIAN","Guam",201403261,1,"GUAM_WEST_OPEN"
"282","MARIAN","Guam",201403261,2,"GUAM_WEST_OPEN"
"283","MARIAN","Guam",201403261,3,"GUAM_WEST_OPEN"
"284","MARIAN","Guam",201403261,4,"GUAM_WEST_OPEN"
"285","MARIAN","Guam",201403261,5,"GUAM_WEST_OPEN"
"286","MARIAN","Guam",201403261,6,"GUAM_WEST_OPEN"
"287","MARIAN","Guam",201403261,7,"GUAM_WEST_OPEN"
"288","MARIAN","Guam",201403261,8,"GUAM_WEST_OPEN"
"289","MARIAN","Guam",201403261,9,"GUAM_WEST_OPEN"
"290","MARIAN","Guam",201403262,1,"ACHANG_MPA"
"291","MARIAN","Guam",201403262,2,"ACHANG_MPA"
"292","MARIAN","Guam",201403262,3,"ACHANG_MPA"
"293","MARIAN","Guam",201403262,4,"ACHANG_MPA"
"294","MARIAN","Guam",201403262,5,"ACHANG_MPA"
"295","MARIAN","Guam",201403262,6,"ACHANG_MPA"
"296","MARIAN","Guam",201403262,7,"GUAM_WEST_OPEN"
"297","MARIAN","Guam",201403262,8,"GUAM_EAST_OPEN"
"298","MARIAN","Guam",201403262,9,"GUAM_EAST_OPEN"
"299","MARIAN","Guam",201403262,10,"GUAM_EAST_OPEN"
"300","MARIAN","Guam",201403263,1,"GUAM_EAST_OPEN"
"301","MARIAN","Guam",201403263,2,"GUAM_EAST_OPEN"
"302","MARIAN","Guam",201403263,3,"GUAM_EAST_OPEN"
"303","MARIAN","Guam",201403263,4,"GUAM_EAST_OPEN"
"304","MARIAN","Guam",201403263,5,"GUAM_EAST_OPEN"
"305","MARIAN","Guam",201403263,6,"GUAM_EAST_OPEN"
"306","MARIAN","Guam",201403263,7,"GUAM_EAST_OPEN"
"307","MARIAN","Guam",201403263,8,"GUAM_EAST_OPEN"
"308","MARIAN","Guam",201403263,9,"GUAM_EAST_OPEN"
"309","MARIAN","Guam",201403263,10,"GUAM_EAST_OPEN"
"310","MARIAN","Guam",201403264,1,"GUAM_WEST_OPEN"
"311","MARIAN","Guam",201403264,2,"GUAM_WEST_OPEN"
"312","MARIAN","Guam",201403264,3,"GUAM_WEST_OPEN"
"313","MARIAN","Guam",201403264,4,"GUAM_WEST_OPEN"
"314","MARIAN","Guam",201403264,5,"GUAM_WEST_OPEN"
"315","MARIAN","Guam",201403264,6,"GUAM_WEST_OPEN"
"316","MARIAN","Guam",201403264,7,"GUAM_WEST_OPEN"
"317","MARIAN","Guam",201403264,8,"GUAM_WEST_OPEN"
"318","MARIAN","Guam",201403264,9,"GUAM_WEST_OPEN"
"319","MARIAN","Guam",201403264,10,"GUAM_WEST_OPEN"
"320","MARIAN","Guam",201403265,1,"GUAM_WEST_OPEN"
"321","MARIAN","Guam",201403265,2,"GUAM_WEST_OPEN"
"322","MARIAN","Guam",201403265,3,"GUAM_WEST_OPEN"
"323","MARIAN","Guam",201403265,4,"GUAM_WEST_OPEN"
"324","MARIAN","Guam",201403265,5,"GUAM_WEST_OPEN"
"325","MARIAN","Guam",201403265,6,"GUAM_WEST_OPEN"
"326","MARIAN","Guam",201403265,7,"GUAM_WEST_OPEN"
"327","MARIAN","Guam",201403265,8,"GUAM_WEST_OPEN"
"328","MARIAN","Guam",201403265,9,"GUAM_WEST_OPEN"
"329","MARIAN","Guam",201403265,10,"GUAM_WEST_OPEN"
"330","MARIAN","Guam",201403266,1,"GUAM_WEST_OPEN"
"331","MARIAN","Guam",201403266,2,"GUAM_WEST_OPEN"
"332","MARIAN","Guam",201403266,3,"GUAM_WEST_OPEN"
"333","MARIAN","Guam",201403266,4,"GUAM_WEST_OPEN"
"334","MARIAN","Guam",201403266,5,"GUAM_WEST_OPEN"
"335","MARIAN","Guam",201403266,6,"GUAM_WEST_OPEN"
"336","MARIAN","Guam",201403266,7,"GUAM_WEST_OPEN"
"337","MARIAN","Guam",201403266,8,"GUAM_WEST_OPEN"
"338","MARIAN","Guam",201403266,9,"GUAM_WEST_OPEN"
"339","MARIAN","Guam",201403271,1,"GUAM_WEST_OPEN"
"340","MARIAN","Guam",201403271,2,"GUAM_WEST_OPEN"
"341","MARIAN","Guam",201403271,3,"GUAM_WEST_OPEN"
"342","MARIAN","Guam",201403271,4,"GUAM_WEST_OPEN"
"343","MARIAN","Guam",201403271,5,"GUAM_WEST_OPEN"
"344","MARIAN","Guam",201403271,6,"GUAM_WEST_OPEN"
"345","MARIAN","Guam",201403271,7,"GUAM_WEST_OPEN"
"346","MARIAN","Guam",201403271,8,"GUAM_WEST_OPEN"
"347","MARIAN","Guam",201403271,9,"GUAM_WEST_OPEN"
"348","MARIAN","Guam",201403271,10,"GUAM_WEST_OPEN"
"349","MARIAN","Guam",201403272,1,"GUAM_WEST_OPEN"
"350","MARIAN","Guam",201403272,2,"GUAM_WEST_OPEN"
"351","MARIAN","Guam",201403272,3,"GUAM_WEST_OPEN"
"352","MARIAN","Guam",201403272,4,"GUAM_WEST_OPEN"
"353","MARIAN","Guam",201403272,5,"GUAM_WEST_OPEN"
"354","MARIAN","Guam",201403272,6,"GUAM_WEST_OPEN"
"355","MARIAN","Guam",201403272,7,"GUAM_WEST_OPEN"
"356","MARIAN","Guam",201403272,8,"GUAM_WEST_OPEN"
"357","MARIAN","Guam",201403272,9,"GUAM_WEST_OPEN"
"358","MARIAN","Guam",201403272,10,"GUAM_WEST_OPEN"
"359","MARIAN","Guam",201403273,1,"GUAM_WEST_OPEN"
"360","MARIAN","Guam",201403273,2,"GUAM_WEST_OPEN"
"361","MARIAN","Guam",201403273,3,"GUAM_WEST_OPEN"
"362","MARIAN","Guam",201403273,4,"GUAM_WEST_OPEN"
"363","MARIAN","Guam",201403273,5,"GUAM_WEST_OPEN"
"364","MARIAN","Guam",201403273,6,"GUAM_WEST_OPEN"
"365","MARIAN","Guam",201403273,7,"GUAM_WEST_OPEN"
"366","MARIAN","Guam",201403273,8,"GUAM_WEST_OPEN"
"367","MARIAN","Guam",201403273,9,"GUAM_WEST_OPEN"
"368","MARIAN","Guam",201403273,10,"GUAM_WEST_OPEN"
"369","MARIAN","Guam",201403274,1,"GUAM_WEST_OPEN"
"370","MARIAN","Guam",201403274,2,"GUAM_WEST_OPEN"
"371","MARIAN","Guam",201403274,3,"GUAM_WEST_OPEN"
"372","MARIAN","Guam",201403274,4,"GUAM_WEST_OPEN"
"373","MARIAN","Guam",201403274,5,"GUAM_WEST_OPEN"
"374","MARIAN","Guam",201403274,6,"GUAM_WEST_OPEN"
"375","MARIAN","Guam",201403274,7,"GUAM_WEST_OPEN"
"376","MARIAN","Guam",201403274,8,"GUAM_WEST_OPEN"
"377","MARIAN","Guam",201403274,9,"GUAM_WEST_OPEN"
"378","MARIAN","Guam",201403274,10,"GUAM_WEST_OPEN"
"379","MARIAN","Guam",201403275,3,"GUAM_WEST_OPEN"
"380","MARIAN","Guam",201403275,4,"GUAM_WEST_OPEN"
"381","MARIAN","Guam",201403275,5,"GUAM_WEST_OPEN"
"382","MARIAN","Guam",201403275,6,"GUAM_WEST_OPEN"
"383","MARIAN","Guam",201403275,7,"GUAM_WEST_OPEN"
"384","MARIAN","Guam",201403275,8,"GUAM_WEST_OPEN"
"385","MARIAN","Guam",201403275,9,"GUAM_WEST_OPEN"
"386","MARIAN","Guam",201403275,10,"GUAM_WEST_OPEN"
"387","MARIAN","Guam",201403276,1,"GUAM_WEST_OPEN"
"388","MARIAN","Guam",201403276,2,"GUAM_WEST_OPEN"
"389","MARIAN","Guam",201403276,3,"GUAM_WEST_OPEN"
"390","MARIAN","Guam",201403276,4,"GUAM_WEST_OPEN"
"391","MARIAN","Guam",201403276,5,"GUAM_WEST_OPEN"
"392","MARIAN","Guam",201403276,6,"GUAM_WEST_OPEN"
"393","MARIAN","Guam",201403276,7,"GUAM_WEST_OPEN"
"394","MARIAN","Guam",201403276,8,"GUAM_WEST_OPEN"
"395","MARIAN","Guam",201403276,9,"GUAM_WEST_OPEN"
"396","MARIAN","Guam",201403276,10,"GUAM_WEST_OPEN"
"397","MARIAN","Guam",201403281,1,"GUAM_EAST_OPEN"
"398","MARIAN","Guam",201403281,2,"GUAM_EAST_OPEN"
"399","MARIAN","Guam",201403281,3,"GUAM_EAST_OPEN"
"400","MARIAN","Guam",201403281,4,"GUAM_EAST_OPEN"
"401","MARIAN","Guam",201403281,5,"GUAM_EAST_OPEN"
"402","MARIAN","Guam",201403281,6,"GUAM_EAST_OPEN"
"403","MARIAN","Guam",201403281,7,"GUAM_EAST_OPEN"
"404","MARIAN","Guam",201403281,8,"GUAM_EAST_OPEN"
"405","MARIAN","Guam",201403281,9,"GUAM_EAST_OPEN"
"406","MARIAN","Guam",201403281,10,"GUAM_EAST_OPEN"
"407","MARIAN","Guam",201403282,1,"GUAM_EAST_OPEN"
"408","MARIAN","Guam",201403282,2,"GUAM_EAST_OPEN"
"409","MARIAN","Guam",201403282,3,"GUAM_EAST_OPEN"
"410","MARIAN","Guam",201403282,4,"GUAM_EAST_OPEN"
"411","MARIAN","Guam",201403283,1,"GUAM_EAST_OPEN"
"412","MARIAN","Guam",201403283,2,"GUAM_EAST_OPEN"
"413","MARIAN","Guam",201403283,3,"GUAM_EAST_OPEN"
"414","MARIAN","Guam",201403283,4,"GUAM_EAST_OPEN"
"415","MARIAN","Guam",201403283,5,"GUAM_EAST_OPEN"
"416","MARIAN","Guam",201403283,6,"GUAM_EAST_OPEN"
"417","MARIAN","Guam",201403283,7,"GUAM_EAST_OPEN"
"418","MARIAN","Guam",201403283,8,"GUAM_EAST_OPEN"
"419","MARIAN","Guam",201403283,9,"GUAM_EAST_OPEN"
"420","MARIAN","Guam",201403284,1,"GUAM_EAST_OPEN"
"421","MARIAN","Guam",201403284,2,"GUAM_EAST_OPEN"
"422","MARIAN","Guam",201403284,3,"GUAM_EAST_OPEN"
"423","MARIAN","Guam",201403284,4,"GUAM_EAST_OPEN"
"424","MARIAN","Guam",201403284,5,"GUAM_EAST_OPEN"
"425","MARIAN","Guam",201403284,6,"GUAM_EAST_OPEN"
"426","MARIAN","Guam",201403284,7,"GUAM_EAST_OPEN"
"427","MARIAN","Guam",201403284,8,"GUAM_EAST_OPEN"
"428","MARIAN","Guam",201403284,9,"GUAM_EAST_OPEN"
"429","MARIAN","Guam",201403284,10,"GUAM_EAST_OPEN"
"430","MARIAN","Guam",201403285,1,"GUAM_EAST_OPEN"
"431","MARIAN","Guam",201403285,2,"GUAM_EAST_OPEN"
"432","MARIAN","Guam",201403285,3,"GUAM_EAST_OPEN"
"433","MARIAN","Guam",201403285,4,"GUAM_EAST_OPEN"
"434","MARIAN","Guam",201403285,5,"GUAM_EAST_OPEN"
"435","MARIAN","Guam",201403285,6,"GUAM_EAST_OPEN"
"436","MARIAN","Guam",201403285,7,"GUAM_EAST_OPEN"
"437","MARIAN","Guam",201403285,8,"GUAM_EAST_OPEN"
"438","MARIAN","Guam",201403285,9,"GUAM_EAST_OPEN"
"439","MARIAN","Guam",201403285,10,"GUAM_EAST_OPEN"
"440","MARIAN","Guam",201403286,1,"GUAM_EAST_OPEN"
"441","MARIAN","Guam",201403286,2,"GUAM_EAST_OPEN"
"442","MARIAN","Guam",201403286,3,"GUAM_EAST_OPEN"
"443","MARIAN","Guam",201403286,4,"GUAM_EAST_OPEN"
"444","MARIAN","Guam",201403286,5,"GUAM_EAST_OPEN"
"445","MARIAN","Guam",201403286,6,"GUAM_EAST_OPEN"
"446","MARIAN","Guam",201403286,7,"GUAM_EAST_OPEN"
"447","MARIAN","Guam",201403286,8,"GUAM_EAST_OPEN"
"448","MARIAN","Guam",201403286,9,"GUAM_EAST_OPEN"
"449","MARIAN","Guam",201403286,10,"GUAM_EAST_OPEN"
"450","MARIAN","Guam",201403291,1,"GUAM_EAST_OPEN"
"451","MARIAN","Guam",201403291,2,"GUAM_EAST_OPEN"
"452","MARIAN","Guam",201403291,3,"GUAM_EAST_OPEN"
"453","MARIAN","Guam",201403291,4,"GUAM_EAST_OPEN"
"454","MARIAN","Guam",201403291,5,"GUAM_EAST_OPEN"
"455","MARIAN","Guam",201403291,6,"GUAM_EAST_OPEN"
"456","MARIAN","Guam",201403291,7,"GUAM_EAST_OPEN"
"457","MARIAN","Guam",201403291,8,"GUAM_EAST_OPEN"
"458","MARIAN","Guam",201403291,9,"GUAM_EAST_OPEN"
"459","MARIAN","Guam",201403291,10,"GUAM_EAST_OPEN"
"460","MARIAN","Guam",201403292,1,"GUAM_EAST_OPEN"
"461","MARIAN","Guam",201403292,2,"GUAM_EAST_OPEN"
"462","MARIAN","Guam",201403292,3,"GUAM_EAST_OPEN"
"463","MARIAN","Guam",201403292,4,"GUAM_EAST_OPEN"
"464","MARIAN","Guam",201403292,5,"GUAM_EAST_OPEN"
"465","MARIAN","Guam",201403292,6,"GUAM_EAST_OPEN"
"466","MARIAN","Guam",201403292,7,"GUAM_EAST_OPEN"
"467","MARIAN","Guam",201403292,8,"GUAM_EAST_OPEN"
"468","MARIAN","Guam",201403292,9,"GUAM_EAST_OPEN"
"469","MARIAN","Guam",201403292,10,"GUAM_EAST_OPEN"
"470","MARIAN","Guam",201403293,1,"GUAM_EAST_OPEN"
"471","MARIAN","Guam",201403293,2,"GUAM_EAST_OPEN"
"472","MARIAN","Guam",201403293,3,"GUAM_EAST_OPEN"
"473","MARIAN","Guam",201403293,4,"GUAM_EAST_OPEN"
"474","MARIAN","Guam",201403293,5,"GUAM_EAST_OPEN"
"475","MARIAN","Guam",201403293,6,"GUAM_EAST_OPEN"
"476","MARIAN","Guam",201403293,7,"GUAM_EAST_OPEN"
"477","MARIAN","Guam",201403293,8,"GUAM_EAST_OPEN"
"478","MARIAN","Guam",201403293,9,"GUAM_EAST_OPEN"
"479","MARIAN","Guam",201403293,10,"PATI_PT_MPA"
"480","MARIAN","Guam",201403294,1,"PATI_PT_MPA"
"481","MARIAN","Guam",201403294,2,"PATI_PT_MPA"
"482","MARIAN","Guam",201403294,3,"PATI_PT_MPA"
"483","MARIAN","Guam",201403294,4,"PATI_PT_MPA"
"484","MARIAN","Guam",201403294,5,"PATI_PT_MPA"
"485","MARIAN","Guam",201403294,6,"PATI_PT_MPA"
"486","MARIAN","Guam",201403294,7,"PATI_PT_MPA"
"487","MARIAN","Guam",201403294,8,"PATI_PT_MPA"
"488","MARIAN","Guam",201403294,9,"PATI_PT_MPA"
"489","MARIAN","Guam",201403294,10,"PATI_PT_MPA"
"490","MARIAN","Guam",201403295,1,"PATI_PT_MPA"
"491","MARIAN","Guam",201403295,2,"PATI_PT_MPA"
"492","MARIAN","Guam",201403295,3,"PATI_PT_MPA"
"493","MARIAN","Guam",201403295,4,"PATI_PT_MPA"
"494","MARIAN","Guam",201403295,5,"PATI_PT_MPA"
"495","MARIAN","Guam",201403295,6,"PATI_PT_MPA"
"496","MARIAN","Guam",201403295,7,"PATI_PT_MPA"
"497","MARIAN","Guam",201403295,8,"PATI_PT_MPA"
"498","MARIAN","Guam",201403295,9,"PATI_PT_MPA"
"499","MARIAN","Guam",201403295,10,"PATI_PT_MPA"
"500","MARIAN","Guam",201404041,1,"GUAM_WEST_OPEN"
"501","MARIAN","Guam",201404041,2,"GUAM_WEST_OPEN"
"502","MARIAN","Guam",201404041,3,"GUAM_WEST_OPEN"
"503","MARIAN","Guam",201404041,4,"GUAM_WEST_OPEN"
"504","MARIAN","Guam",201404041,5,"GUAM_WEST_OPEN"
"505","MARIAN","Guam",201404041,6,"GUAM_WEST_OPEN"
"506","MARIAN","Guam",201404041,7,"GUAM_WEST_OPEN"
"507","MARIAN","Guam",201404041,8,"GUAM_WEST_OPEN"
"508","MARIAN","Guam",201404041,9,"GUAM_WEST_OPEN"
"509","MARIAN","Guam",201404041,10,"GUAM_WEST_OPEN"
"510","MARIAN","Guam",201404042,1,"GUAM_WEST_OPEN"
"511","MARIAN","Guam",201404042,2,"GUAM_WEST_OPEN"
"512","MARIAN","Guam",201404042,3,"GUAM_WEST_OPEN"
"513","MARIAN","Guam",201404042,4,"GUAM_WEST_OPEN"
"514","MARIAN","Guam",201404042,5,"GUAM_WEST_OPEN"
"515","MARIAN","Guam",201404042,6,"GUAM_WEST_OPEN"
"516","MARIAN","Guam",201404042,7,"GUAM_WEST_OPEN"
"517","MARIAN","Guam",201404042,8,"GUAM_WEST_OPEN"
"518","MARIAN","Guam",201404042,9,"GUAM_WEST_OPEN"
"519","MARIAN","Guam",201404042,10,"GUAM_WEST_OPEN"
