SEC_NAME,ISLAND,REGION,OTHER_POOL_LEVEL,HUMAN_IMPACT,COARSE_STRUCT,REEF_ZONE,DEPTH_BIN,AREA_HA,UNCERTAIN_SIZE,RAMP_BASIC,MARI2011,MARI2014,TUT10_12,AS_SANCTUARY,Notes
11-mile bank,11-mile bank,MARIAN,BANK,U,U,Forereef,Deep,2.642415605,N,11-mile bank,11-mile bank,11-mile bank,11-mile bank,11-mile bank,
Agrihan,Agrihan,MARIAN,NTH_MAR,U,U,Forereef,Deep,455.6356862,N,Agrihan,Agrihan,Agrihan,Agrihan,Agrihan,
Agrihan,Agrihan,MARIAN,NTH_MAR,U,U,Forereef,Mid,51.8014133,N,Agrihan,Agrihan,Agrihan,Agrihan,Agrihan,
Agrihan,Agrihan,MARIAN,NTH_MAR,U,U,Forereef,Shallow,343.1901754,N,Agrihan,Agrihan,Agrihan,Agrihan,Agrihan,
Aguijan,Aguijan,MARIAN,STH_MAR,U,U,Forereef,Deep,119.2887963,N,Aguijan,Aguijan,Aguijan,Aguijan,Aguijan,
Aguijan,Aguijan,MARIAN,STH_MAR,U,U,Forereef,Mid,129.0007981,N,Aguijan,Aguijan,Aguijan,Aguijan,Aguijan,
Aguijan,Aguijan,MARIAN,STH_MAR,U,U,Forereef,Shallow,157.3007294,N,Aguijan,Aguijan,Aguijan,Aguijan,Aguijan,
Alamagan,Alamagan,MARIAN,NTH_MAR,U,U,Forereef,Deep,112.8532954,N,Alamagan,Alamagan,Alamagan,Alamagan,Alamagan,
Alamagan,Alamagan,MARIAN,NTH_MAR,U,U,Forereef,Mid,162.4144779,N,Alamagan,Alamagan,Alamagan,Alamagan,Alamagan,
Alamagan,Alamagan,MARIAN,NTH_MAR,U,U,Forereef,Shallow,71.071876,N,Alamagan,Alamagan,Alamagan,Alamagan,Alamagan,
Anatahan,Anatahan,MARIAN,NTH_MAR,U,U,Forereef,Deep,393.9252048,Y,Anatahan,Anatahan,Anatahan,Anatahan,Anatahan,"Assume average size island, assume dms each 1/3"
Anatahan,Anatahan,MARIAN,NTH_MAR,U,U,Forereef,Mid,393.9252048,Y,Anatahan,Anatahan,Anatahan,Anatahan,Anatahan,"Assume average size island, assume dms each 1/3"
Anatahan,Anatahan,MARIAN,NTH_MAR,U,U,Forereef,Shallow,393.9252048,Y,Anatahan,Anatahan,Anatahan,Anatahan,Anatahan,"Assume average size island, assume dms each 1/3"
Arakane,Arakane,MARIAN,BANK,U,U,Forereef,Deep,24.5959461,N,Arakane,Arakane,Arakane,Arakane,Arakane,
Arakane,Arakane,MARIAN,BANK,U,U,Forereef,Mid,23.2565184,N,Arakane,Arakane,Arakane,Arakane,Arakane,
Asuncion,Asuncion,MARIAN,NTH_MAR,U,U,Forereef,Deep,64.03633046,N,Asuncion,Asuncion,Asuncion,Asuncion,Asuncion,
Asuncion,Asuncion,MARIAN,NTH_MAR,U,U,Forereef,Mid,130.7967187,N,Asuncion,Asuncion,Asuncion,Asuncion,Asuncion,
Asuncion,Asuncion,MARIAN,NTH_MAR,U,U,Forereef,Shallow,53.77229254,N,Asuncion,Asuncion,Asuncion,Asuncion,Asuncion,
Farallon de Medenilla,Farallon de Medenilla,MARIAN,BANK,U,U,Forereef,Deep,78.47331358,N,Farallon de Medenilla,Farallon de Medenilla,Farallon de Medenilla,Farallon de Medenilla,Farallon de Medenilla,
Farallon de Medenilla,Farallon de Medenilla,MARIAN,BANK,U,U,Forereef,Mid,52.80542635,N,Farallon de Medenilla,Farallon de Medenilla,Farallon de Medenilla,Farallon de Medenilla,Farallon de Medenilla,
Farallon de Medenilla,Farallon de Medenilla,MARIAN,BANK,U,U,Forereef,Shallow,20.23990304,N,Farallon de Medenilla,Farallon de Medenilla,Farallon de Medenilla,Farallon de Medenilla,Farallon de Medenilla,
Farallon de Pajaros,Farallon de Pajaros,MARIAN,NTH_MAR,U,U,Forereef,Deep,36.860822,N,Farallon de Pajaros,Farallon de Pajaros,Farallon de Pajaros,Farallon de Pajaros,Farallon de Pajaros,
Farallon de Pajaros,Farallon de Pajaros,MARIAN,NTH_MAR,U,U,Forereef,Mid,68.68271,N,Farallon de Pajaros,Farallon de Pajaros,Farallon de Pajaros,Farallon de Pajaros,Farallon de Pajaros,
Farallon de Pajaros,Farallon de Pajaros,MARIAN,NTH_MAR,U,U,Forereef,Shallow,32.916547,N,Farallon de Pajaros,Farallon de Pajaros,Farallon de Pajaros,Farallon de Pajaros,Farallon de Pajaros,
Galvez,Galvez,MARIAN,BANK,U,U,Forereef,Deep,15.29549096,N,Galvez,Galvez,Galvez,Galvez,Galvez,
GUAM_EAST_OPEN,Guam,MARIAN,Guam Open,U,U,Forereef,Deep,505.65,N,GUAM_EAST_OPEN,GUAM_EAST_OPEN,GUAM_EAST_OPEN,GUAM_EAST_OPEN,GUAM_EAST_OPEN,
GUAM_EAST_OPEN,Guam,MARIAN,Guam Open,U,U,Forereef,Mid,835.21,N,GUAM_EAST_OPEN,GUAM_EAST_OPEN,GUAM_EAST_OPEN,GUAM_EAST_OPEN,GUAM_EAST_OPEN,
GUAM_EAST_OPEN,Guam,MARIAN,Guam Open,U,U,Forereef,Shallow,766.11,N,GUAM_EAST_OPEN,GUAM_EAST_OPEN,GUAM_EAST_OPEN,GUAM_EAST_OPEN,GUAM_EAST_OPEN,
GUAM_HARBOR,Guam,MARIAN,Guam Open,U,U,Forereef,Deep,3.81,N,GUAM_HARBOR,GUAM_HARBOR,GUAM_HARBOR,GUAM_HARBOR,GUAM_HARBOR,
GUAM_HARBOR,Guam,MARIAN,Guam Open,U,U,Forereef,Mid,38.29,N,GUAM_HARBOR,GUAM_HARBOR,GUAM_HARBOR,GUAM_HARBOR,GUAM_HARBOR,
GUAM_HARBOR,Guam,MARIAN,Guam Open,U,U,Forereef,Shallow,95.17,N,GUAM_HARBOR,GUAM_HARBOR,GUAM_HARBOR,GUAM_HARBOR,GUAM_HARBOR,
GUAM_WEST_OPEN,Guam,MARIAN,Guam Open,U,U,Forereef,Deep,591.14,N,GUAM_WEST_OPEN,GUAM_WEST_OPEN,GUAM_WEST_OPEN,GUAM_WEST_OPEN,GUAM_WEST_OPEN,
GUAM_WEST_OPEN,Guam,MARIAN,Guam Open,U,U,Forereef,Mid,1277.95,N,GUAM_WEST_OPEN,GUAM_WEST_OPEN,GUAM_WEST_OPEN,GUAM_WEST_OPEN,GUAM_WEST_OPEN,
GUAM_WEST_OPEN,Guam,MARIAN,Guam Open,U,U,Forereef,Shallow,1997.03,N,GUAM_WEST_OPEN,GUAM_WEST_OPEN,GUAM_WEST_OPEN,GUAM_WEST_OPEN,GUAM_WEST_OPEN,
SASA_BAY_MPA,Guam,MARIAN,Guam MPA,U,U,Forereef,Mid,2.54,N,SASA_BAY_MPA,SASA_BAY_MPA,SASA_BAY_MPA,SASA_BAY_MPA,SASA_BAY_MPA,
SASA_BAY_MPA,Guam,MARIAN,Guam MPA,U,U,Forereef,Shallow,61.82,N,SASA_BAY_MPA,SASA_BAY_MPA,SASA_BAY_MPA,SASA_BAY_MPA,SASA_BAY_MPA,
ACHANG_MPA,Guam,MARIAN,Guam MPA,U,U,Forereef,Deep,13.16,N,GUAM_MP,ACHANG_MPA,ACHANG_MPA,GUAM_MP,GUAM_MP,
ACHANG_MPA,Guam,MARIAN,Guam MPA,U,U,Forereef,Mid,59.98,N,GUAM_MP,ACHANG_MPA,ACHANG_MPA,GUAM_MP,GUAM_MP,
ACHANG_MPA,Guam,MARIAN,Guam MPA,U,U,Forereef,Shallow,140.14,N,GUAM_MP,ACHANG_MPA,ACHANG_MPA,GUAM_MP,GUAM_MP,
PATI_PT_MPA,Guam,MARIAN,Guam MPA,U,U,Forereef,Deep,162.15,N,GUAM_MP,PATI_PT_MPA,GUAM_MP_MINUS_ACHANG,GUAM_MP,GUAM_MP,
PATI_PT_MPA,Guam,MARIAN,Guam MPA,U,U,Forereef,Mid,170.7,N,GUAM_MP,PATI_PT_MPA,GUAM_MP_MINUS_ACHANG,GUAM_MP,GUAM_MP,
PATI_PT_MPA,Guam,MARIAN,Guam MPA,U,U,Forereef,Shallow,109.24,N,GUAM_MP,PATI_PT_MPA,GUAM_MP_MINUS_ACHANG,GUAM_MP,GUAM_MP,
PITI_BOMB_MPA,Guam,MARIAN,Guam MPA,U,U,Forereef,Deep,19.2,N,GUAM_MP,PITI_BOMB_MPA,GUAM_MP_MINUS_ACHANG,GUAM_MP,GUAM_MP,
PITI_BOMB_MPA,Guam,MARIAN,Guam MPA,U,U,Forereef,Mid,47.04,N,GUAM_MP,PITI_BOMB_MPA,GUAM_MP_MINUS_ACHANG,GUAM_MP,GUAM_MP,
PITI_BOMB_MPA,Guam,MARIAN,Guam MPA,U,U,Forereef,Shallow,166.06,N,GUAM_MP,PITI_BOMB_MPA,GUAM_MP_MINUS_ACHANG,GUAM_MP,GUAM_MP,
TUMON_BAY_MPA,Guam,MARIAN,Guam MPA,U,U,Forereef,Deep,28.58,N,GUAM_MP,TUMON_BAY_MPA,GUAM_MP_MINUS_ACHANG,GUAM_MP,GUAM_MP,
TUMON_BAY_MPA,Guam,MARIAN,Guam MPA,U,U,Forereef,Mid,72.42,N,GUAM_MP,TUMON_BAY_MPA,GUAM_MP_MINUS_ACHANG,GUAM_MP,GUAM_MP,
TUMON_BAY_MPA,Guam,MARIAN,Guam MPA,U,U,Forereef,Shallow,132.26,N,GUAM_MP,TUMON_BAY_MPA,GUAM_MP_MINUS_ACHANG,GUAM_MP,GUAM_MP,
Guguan,Guguan,MARIAN,NTH_MAR,U,U,Forereef,Deep,69.60776909,N,Guguan,Guguan,Guguan,Guguan,Guguan,
Guguan,Guguan,MARIAN,NTH_MAR,U,U,Forereef,Mid,73.0388079,N,Guguan,Guguan,Guguan,Guguan,Guguan,
Guguan,Guguan,MARIAN,NTH_MAR,U,U,Forereef,Shallow,57.31867709,N,Guguan,Guguan,Guguan,Guguan,Guguan,
Maug,Maug,MARIAN,NTH_MAR,U,U,Forereef,Deep,87.73461767,N,Maug,Maug,Maug,Maug,Maug,
Maug,Maug,MARIAN,NTH_MAR,U,U,Forereef,Mid,190.6950207,N,Maug,Maug,Maug,Maug,Maug,
Maug,Maug,MARIAN,NTH_MAR,U,U,Forereef,Shallow,35.44106339,N,Maug,Maug,Maug,Maug,Maug,
Pagan,Pagan,MARIAN,NTH_MAR,U,U,Forereef,Deep,571.3645349,N,Pagan,Pagan,Pagan,Pagan,Pagan,
Pagan,Pagan,MARIAN,NTH_MAR,U,U,Forereef,Mid,492.5006185,N,Pagan,Pagan,Pagan,Pagan,Pagan,
Pagan,Pagan,MARIAN,NTH_MAR,U,U,Forereef,Shallow,449.0588004,N,Pagan,Pagan,Pagan,Pagan,Pagan,
Pathfinder,Pathfinder,MARIAN,BANK,U,U,Forereef,Deep,33.67386448,N,Pathfinder,Pathfinder,Pathfinder,Pathfinder,Pathfinder,
Pathfinder,Pathfinder,MARIAN,BANK,U,U,Forereef,Mid,46.89481662,N,Pathfinder,Pathfinder,Pathfinder,Pathfinder,Pathfinder,
Rota,Rota,MARIAN,STH_MAR,U,U,Forereef,Deep,187.5332091,N,Rota,Rota,Rota,Rota,Rota,
Rota,Rota,MARIAN,STH_MAR,U,U,Forereef,Mid,254.5438529,N,Rota,Rota,Rota,Rota,Rota,
Rota,Rota,MARIAN,STH_MAR,U,U,Forereef,Shallow,889.2950898,N,Rota,Rota,Rota,Rota,Rota,
Saipan,Saipan,MARIAN,STH_MAR,U,U,Backreef,All,597.7086598,N,Saipan,Saipan,Saipan,Saipan,Saipan,
Saipan,Saipan,MARIAN,STH_MAR,U,U,Forereef,Deep,1985.586578,N,Saipan,Saipan,Saipan,Saipan,Saipan,
Saipan,Saipan,MARIAN,STH_MAR,U,U,Forereef,Mid,1132.596536,N,Saipan,Saipan,Saipan,Saipan,Saipan,
Saipan,Saipan,MARIAN,STH_MAR,U,U,Forereef,Shallow,420.8277658,N,Saipan,Saipan,Saipan,Saipan,Saipan,
Saipan,Saipan,MARIAN,STH_MAR,U,U,Lagoon,Mid,170.5443267,N,Saipan,Saipan,Saipan,Saipan,Saipan,
Saipan,Saipan,MARIAN,STH_MAR,U,U,Lagoon,Shallow,412.3027837,N,Saipan,Saipan,Saipan,Saipan,Saipan,
Saipan,Saipan,MARIAN,STH_MAR,U,U,OTHER,OTHER,126.9930931,N,Saipan,Saipan,Saipan,Saipan,Saipan,
Santa Rosa,Santa Rosa,MARIAN,BANK,U,U,Forereef,Deep,2262.645102,N,Santa Rosa,Santa Rosa,Santa Rosa,Santa Rosa,Santa Rosa,
Santa Rosa,Santa Rosa,MARIAN,BANK,U,U,Forereef,Mid,1288.462096,N,Santa Rosa,Santa Rosa,Santa Rosa,Santa Rosa,Santa Rosa,
Sarigan,Sarigan,MARIAN,NTH_MAR,U,U,Forereef,Deep,88.30851333,N,Sarigan,Sarigan,Sarigan,Sarigan,Sarigan,
Sarigan,Sarigan,MARIAN,NTH_MAR,U,U,Forereef,Mid,29.81657193,N,Sarigan,Sarigan,Sarigan,Sarigan,Sarigan,
Sarigan,Sarigan,MARIAN,NTH_MAR,U,U,Forereef,Shallow,79.43434663,N,Sarigan,Sarigan,Sarigan,Sarigan,Sarigan,
Supply Reef,Supply Reef,MARIAN,BANK,U,U,Forereef,Deep,8.705859815,N,Supply Reef,Supply Reef,Supply Reef,Supply Reef,Supply Reef,
Supply Reef,Supply Reef,MARIAN,BANK,U,U,Forereef,Mid,1.192725779,N,Supply Reef,Supply Reef,Supply Reef,Supply Reef,Supply Reef,
Tatsumi,Tatsumi,MARIAN,BANK,U,U,Forereef,Deep,88.09014362,N,Tatsumi,Tatsumi,Tatsumi,Tatsumi,Tatsumi,
Tatsumi,Tatsumi,MARIAN,BANK,U,U,Forereef,Mid,136.1279988,N,Tatsumi,Tatsumi,Tatsumi,Tatsumi,Tatsumi,
Tinian,Tinian,MARIAN,STH_MAR,U,U,Forereef,Deep,557.103082,N,Tinian,Tinian,Tinian,Tinian,Tinian,
Tinian,Tinian,MARIAN,STH_MAR,U,U,Forereef,Mid,534.0549959,N,Tinian,Tinian,Tinian,Tinian,Tinian,
Tinian,Tinian,MARIAN,STH_MAR,U,U,Forereef,Shallow,323.0482252,N,Tinian,Tinian,Tinian,Tinian,Tinian,
HAW_HAMAKUA,Hawaii,MHI,LCM,L,CM,Forereef,Deep,1479.311358,Y ,HAW_HAMAKUA,HAW_HAMAKUA,HAW_HAMAKUA,HAW_HAMAKUA,HAW_HAMAKUA,Not much hard/soft information
HAW_HAMAKUA,Hawaii,MHI,LCM,L,CM,Forereef,Mid,2334.19033,Y ,HAW_HAMAKUA,HAW_HAMAKUA,HAW_HAMAKUA,HAW_HAMAKUA,HAW_HAMAKUA,Not much hard/soft information
HAW_HAMAKUA,Hawaii,MHI,LCM,L,CM,Forereef,Shallow,1117.329716,Y ,HAW_HAMAKUA,HAW_HAMAKUA,HAW_HAMAKUA,HAW_HAMAKUA,HAW_HAMAKUA,Not much hard/soft information
HAW_SE,Hawaii,MHI,LCM,L,CM,Forereef,Deep,593.4841055,N,HAW_SE,HAW_SE,HAW_SE,HAW_SE,HAW_SE,
HAW_SE,Hawaii,MHI,LCM,L,CM,Forereef,Mid,857.7582457,N,HAW_SE,HAW_SE,HAW_SE,HAW_SE,HAW_SE,
HAW_SE,Hawaii,MHI,LCM,L,CM,Forereef,Shallow,666.5433106,N,HAW_SE,HAW_SE,HAW_SE,HAW_SE,HAW_SE,
HAW_PUNA,Hawaii,MHI,MCM,M,CM,Forereef,Deep,1446.862405,N,HAW_PUNA,HAW_PUNA,HAW_PUNA,HAW_PUNA,HAW_PUNA,
HAW_PUNA,Hawaii,MHI,MCM,M,CM,Forereef,Mid,1603.885128,N,HAW_PUNA,HAW_PUNA,HAW_PUNA,HAW_PUNA,HAW_PUNA,
HAW_PUNA,Hawaii,MHI,MCM,M,CM,Forereef,Shallow,1012.92738,N,HAW_PUNA,HAW_PUNA,HAW_PUNA,HAW_PUNA,HAW_PUNA,
HAW_KONA,Hawaii,MHI,MCR,M,CR,Forereef,Deep,1546.877064,N,HAW_KONA,HAW_KONA,HAW_KONA,HAW_KONA,HAW_KONA,
HAW_KONA,Hawaii,MHI,MCR,M,CR,Forereef,Mid,2362.718917,N,HAW_KONA,HAW_KONA,HAW_KONA,HAW_KONA,HAW_KONA,
HAW_KONA,Hawaii,MHI,MCR,M,CR,Forereef,Shallow,1817.863584,N,HAW_KONA,HAW_KONA,HAW_KONA,HAW_KONA,HAW_KONA,
KAU_NAPALI,Kauai,MHI,LS,L,S,Forereef,Deep,4307.948554,N,KAU_NAPALI,KAU_NAPALI,KAU_NAPALI,KAU_NAPALI,KAU_NAPALI,
KAU_NAPALI,Kauai,MHI,LS,L,S,Forereef,Mid,1876.001023,N,KAU_NAPALI,KAU_NAPALI,KAU_NAPALI,KAU_NAPALI,KAU_NAPALI,
KAU_NAPALI,Kauai,MHI,LS,L,S,Forereef,Shallow,397.7237848,N,KAU_NAPALI,KAU_NAPALI,KAU_NAPALI,KAU_NAPALI,KAU_NAPALI,
KAU_EAST,Kauai,MHI,MS,M,S,Forereef,Deep,2891.111917,N,KAU_EAST,KAU_EAST,KAU_EAST,KAU_EAST,KAU_EAST,
KAU_EAST,Kauai,MHI,MS,M,S,Forereef,Mid,5602.631417,N,KAU_EAST,KAU_EAST,KAU_EAST,KAU_EAST,KAU_EAST,
KAU_EAST,Kauai,MHI,MS,M,S,Forereef,Shallow,3051.65048,N,KAU_EAST,KAU_EAST,KAU_EAST,KAU_EAST,KAU_EAST,
KAL_KAULA,Kaula,MHI,LS,L,S,Forereef,Deep,277.0347708,N,KAL_KAULA,KAL_KAULA,KAL_KAULA,KAL_KAULA,KAL_KAULA,
KAL_KAULA,Kaula,MHI,LS,L,S,Forereef,Mid,50.28867577,N,KAL_KAULA,KAL_KAULA,KAL_KAULA,KAL_KAULA,KAL_KAULA,
KAL_KAULA,Kaula,MHI,LS,L,S,Forereef,Shallow,18.50064904,N,KAL_KAULA,KAL_KAULA,KAL_KAULA,KAL_KAULA,KAL_KAULA,
LAN_NORTH,Lanai,MHI,LCR,L,CR,Forereef,Deep,291.3020737,N,LAN_NORTH,LAN_NORTH,LAN_NORTH,LAN_NORTH,LAN_NORTH,
LAN_NORTH,Lanai,MHI,LCR,L,CR,Forereef,Mid,599.9003844,N,LAN_NORTH,LAN_NORTH,LAN_NORTH,LAN_NORTH,LAN_NORTH,
LAN_NORTH,Lanai,MHI,LCR,L,CR,Forereef,Shallow,631.8075072,N,LAN_NORTH,LAN_NORTH,LAN_NORTH,LAN_NORTH,LAN_NORTH,
LAN_SOUTH,Lanai,MHI,MCM,M,CM,Forereef,Deep,246.6043512,N,LAN_SOUTH,LAN_SOUTH,LAN_SOUTH,LAN_SOUTH,LAN_SOUTH,
LAN_SOUTH,Lanai,MHI,MCM,M,CM,Forereef,Mid,487.9877445,N,LAN_SOUTH,LAN_SOUTH,LAN_SOUTH,LAN_SOUTH,LAN_SOUTH,
LAN_SOUTH,Lanai,MHI,MCM,M,CM,Forereef,Shallow,746.0718328,N,LAN_SOUTH,LAN_SOUTH,LAN_SOUTH,LAN_SOUTH,LAN_SOUTH,
MAI_KAHULUI,Maui,MHI,HCM,H,CM,Forereef,Deep,438.345922,N,MAI_KAHULUI,MAI_KAHULUI,MAI_KAHULUI,MAI_KAHULUI,MAI_KAHULUI,
MAI_KAHULUI,Maui,MHI,HCM,H,CM,Forereef,Mid,850.0936376,N,MAI_KAHULUI,MAI_KAHULUI,MAI_KAHULUI,MAI_KAHULUI,MAI_KAHULUI,
MAI_KAHULUI,Maui,MHI,HCM,H,CM,Forereef,Shallow,1099.201993,N,MAI_KAHULUI,MAI_KAHULUI,MAI_KAHULUI,MAI_KAHULUI,MAI_KAHULUI,
MAI_KIHEI,Maui,MHI,HCM,H,CM,Forereef,Deep,537.9614588,N,MAI_KIHEI,MAI_KIHEI,MAI_KIHEI,MAI_KIHEI,MAI_KIHEI,
MAI_KIHEI,Maui,MHI,HCM,H,CM,Forereef,Mid,682.5282166,N,MAI_KIHEI,MAI_KIHEI,MAI_KIHEI,MAI_KIHEI,MAI_KIHEI,
MAI_KIHEI,Maui,MHI,HCM,H,CM,Forereef,Shallow,650.0680159,N,MAI_KIHEI,MAI_KIHEI,MAI_KIHEI,MAI_KIHEI,MAI_KIHEI,
MAI_LAHAINA,Maui,MHI,HS,H,S,Forereef,Deep,287.1615845,N,MAI_LAHAINA,MAI_LAHAINA,MAI_LAHAINA,MAI_LAHAINA,MAI_LAHAINA,
MAI_LAHAINA,Maui,MHI,HS,H,S,Forereef,Mid,483.9295632,N,MAI_LAHAINA,MAI_LAHAINA,MAI_LAHAINA,MAI_LAHAINA,MAI_LAHAINA,
MAI_LAHAINA,Maui,MHI,HS,H,S,Forereef,Shallow,439.3470347,N,MAI_LAHAINA,MAI_LAHAINA,MAI_LAHAINA,MAI_LAHAINA,MAI_LAHAINA,
MAI_NE,Maui,MHI,LCM,L,CM,Forereef,Deep,883.3579854,N,MAI_NE,MAI_NE,MAI_NE,MAI_NE,MAI_NE,
MAI_NE,Maui,MHI,LCM,L,CM,Forereef,Mid,926.711758,N,MAI_NE,MAI_NE,MAI_NE,MAI_NE,MAI_NE,
MAI_NE,Maui,MHI,LCM,L,CM,Forereef,Shallow,481.2408332,N,MAI_NE,MAI_NE,MAI_NE,MAI_NE,MAI_NE,
MAI_NW,Maui,MHI,LCM,L,CM,Forereef,Deep,315.7175228,N,MAI_NW,MAI_NW,MAI_NW,MAI_NW,MAI_NW,
MAI_NW,Maui,MHI,LCM,L,CM,Forereef,Mid,287.74445,N,MAI_NW,MAI_NW,MAI_NW,MAI_NW,MAI_NW,
MAI_NW,Maui,MHI,LCM,L,CM,Forereef,Shallow,176.1167662,N,MAI_NW,MAI_NW,MAI_NW,MAI_NW,MAI_NW,
MAI_SE,Maui,MHI,LCM,L,CM,Forereef,Deep,788.37286,N,MAI_SE,MAI_SE,MAI_SE,MAI_SE,MAI_SE,
MAI_SE,Maui,MHI,LCM,L,CM,Forereef,Mid,690.2023226,N,MAI_SE,MAI_SE,MAI_SE,MAI_SE,MAI_SE,
MAI_SE,Maui,MHI,LCM,L,CM,Forereef,Shallow,405.0121276,N,MAI_SE,MAI_SE,MAI_SE,MAI_SE,MAI_SE,
MAI_HANA,Maui,MHI,MCM,M,CM,Forereef,Deep,225.5929875,N,MAI_HANA,MAI_HANA,MAI_HANA,MAI_HANA,MAI_HANA,
MAI_HANA,Maui,MHI,MCM,M,CM,Forereef,Mid,258.3916816,N,MAI_HANA,MAI_HANA,MAI_HANA,MAI_HANA,MAI_HANA,
MAI_HANA,Maui,MHI,MCM,M,CM,Forereef,Shallow,190.0864145,N,MAI_HANA,MAI_HANA,MAI_HANA,MAI_HANA,MAI_HANA,
MAU_MOLOKINI,Maui,MHI,LCM,L,CM,Forereef,Deep,6.25,Y,MAU_MOLOKINI,MAU_MOLOKINI,MAU_MOLOKINI,MAU_MOLOKINI,MAU_MOLOKINI,"Assume is 25ha, assume 50% is mid, split rest equally"
MAU_MOLOKINI,Maui,MHI,LCM,L,CM,Forereef,Mid,12.5,Y,MAU_MOLOKINI,MAU_MOLOKINI,MAU_MOLOKINI,MAU_MOLOKINI,MAU_MOLOKINI,"Assume is 25ha, assume 50% is mid, split rest equally"
MAU_MOLOKINI,Maui,MHI,LCM,L,CM,Forereef,Shallow,6.25,Y,MAU_MOLOKINI,MAU_MOLOKINI,MAU_MOLOKINI,MAU_MOLOKINI,MAU_MOLOKINI,"Assume is 25ha, assume 50% is mid, split rest equally"
MOL_PALI,Molokai,MHI,LCM,L,CM,Forereef,Deep,634.0842128,N,MOL_PALI,MOL_PALI,MOL_PALI,MOL_PALI,MOL_PALI,
MOL_PALI,Molokai,MHI,LCM,L,CM,Forereef,Mid,467.9624676,N,MOL_PALI,MOL_PALI,MOL_PALI,MOL_PALI,MOL_PALI,
MOL_PALI,Molokai,MHI,LCM,L,CM,Forereef,Shallow,516.2585992,N,MOL_PALI,MOL_PALI,MOL_PALI,MOL_PALI,MOL_PALI,
MOL_NW,Molokai,MHI,LS,L,S,Forereef,Deep,733.1293957,N,MOL_NW,MOL_NW,MOL_NW,MOL_NW,MOL_NW,
MOL_NW,Molokai,MHI,LS,L,S,Forereef,Mid,601.1779629,N,MOL_NW,MOL_NW,MOL_NW,MOL_NW,MOL_NW,
MOL_NW,Molokai,MHI,LS,L,S,Forereef,Shallow,501.1542337,N,MOL_NW,MOL_NW,MOL_NW,MOL_NW,MOL_NW,
MOL_WEST,Molokai,MHI,LS,L,S,Forereef,Deep,1384.213479,N,MOL_WEST,MOL_WEST,MOL_WEST,MOL_WEST,MOL_WEST,
MOL_WEST,Molokai,MHI,LS,L,S,Forereef,Mid,1250.749123,N,MOL_WEST,MOL_WEST,MOL_WEST,MOL_WEST,MOL_WEST,
MOL_WEST,Molokai,MHI,LS,L,S,Forereef,Shallow,512.2388267,N,MOL_WEST,MOL_WEST,MOL_WEST,MOL_WEST,MOL_WEST,
MOL_SOUTH,Molokai,MHI,MCR,M,CR,Forereef,Deep,603.9775235,N,MOL_SOUTH,MOL_SOUTH,MOL_SOUTH,MOL_SOUTH,MOL_SOUTH,
MOL_SOUTH,Molokai,MHI,MCR,M,CR,Forereef,Mid,1293.344283,N,MOL_SOUTH,MOL_SOUTH,MOL_SOUTH,MOL_SOUTH,MOL_SOUTH,
MOL_SOUTH,Molokai,MHI,MCR,M,CR,Forereef,Shallow,4232.003508,N,MOL_SOUTH,MOL_SOUTH,MOL_SOUTH,MOL_SOUTH,MOL_SOUTH,
NII_LEHUA,Niihau,MHI,LCM,L,CM,Forereef,Deep,263,N,NII_LEHUA,NII_LEHUA,NII_LEHUA,NII_LEHUA,NII_LEHUA,
NII_LEHUA,Niihau,MHI,LCM,L,CM,Forereef,Mid,487.75,N,NII_LEHUA,NII_LEHUA,NII_LEHUA,NII_LEHUA,NII_LEHUA,
NII_LEHUA,Niihau,MHI,LCM,L,CM,Forereef,Shallow,354.75,N,NII_LEHUA,NII_LEHUA,NII_LEHUA,NII_LEHUA,NII_LEHUA,
NII_EAST,Niihau,MHI,LS,L,S,Forereef,Deep,1027.496786,N,NII_EAST,NII_EAST,NII_EAST,NII_EAST,NII_EAST,
NII_EAST,Niihau,MHI,LS,L,S,Forereef,Mid,1137.990268,N,NII_EAST,NII_EAST,NII_EAST,NII_EAST,NII_EAST,
NII_EAST,Niihau,MHI,LS,L,S,Forereef,Shallow,613.9646175,N,NII_EAST,NII_EAST,NII_EAST,NII_EAST,NII_EAST,
NII_WEST,Niihau,MHI,LS,L,S,Forereef,Deep,1468.465202,N,NII_WEST,NII_WEST,NII_WEST,NII_WEST,NII_WEST,
NII_WEST,Niihau,MHI,LS,L,S,Forereef,Mid,2992.988492,N,NII_WEST,NII_WEST,NII_WEST,NII_WEST,NII_WEST,
NII_WEST,Niihau,MHI,LS,L,S,Forereef,Shallow,919.395945,N,NII_WEST,NII_WEST,NII_WEST,NII_WEST,NII_WEST,
OAH_SOUTH,Oahu,MHI,HS,H,S,Forereef,Deep,1457.29677,N,OAH_SOUTH,OAH_SOUTH,OAH_SOUTH,OAH_SOUTH,OAH_SOUTH,
OAH_SOUTH,Oahu,MHI,HS,H,S,Forereef,Mid,3926.206706,N,OAH_SOUTH,OAH_SOUTH,OAH_SOUTH,OAH_SOUTH,OAH_SOUTH,
OAH_SOUTH,Oahu,MHI,HS,H,S,Forereef,Shallow,3658.205214,N,OAH_SOUTH,OAH_SOUTH,OAH_SOUTH,OAH_SOUTH,OAH_SOUTH,
OAH_EAST,Oahu,MHI,MCM,M,CM,Forereef,Deep,978.9371021,N,OAH_EAST,OAH_EAST,OAH_EAST,OAH_EAST,OAH_EAST,
OAH_EAST,Oahu,MHI,MCM,M,CM,Forereef,Mid,1848.277607,N,OAH_EAST,OAH_EAST,OAH_EAST,OAH_EAST,OAH_EAST,
OAH_EAST,Oahu,MHI,MCM,M,CM,Forereef,Shallow,1541.871579,N,OAH_EAST,OAH_EAST,OAH_EAST,OAH_EAST,OAH_EAST,
OAH_KAENA,Oahu,MHI,MCM,M,CM,Forereef,Deep,673.0399306,N,OAH_KAENA,OAH_KAENA,OAH_KAENA,OAH_KAENA,OAH_KAENA,
OAH_KAENA,Oahu,MHI,MCM,M,CM,Forereef,Mid,632.1302084,N,OAH_KAENA,OAH_KAENA,OAH_KAENA,OAH_KAENA,OAH_KAENA,
OAH_KAENA,Oahu,MHI,MCM,M,CM,Forereef,Shallow,343.0090114,N,OAH_KAENA,OAH_KAENA,OAH_KAENA,OAH_KAENA,OAH_KAENA,
OAH_NE,Oahu,MHI,MS,M,S,Forereef,Deep,605.4764457,N,OAH_NE,OAH_NE,OAH_NE,OAH_NE,OAH_NE,
OAH_NE,Oahu,MHI,MS,M,S,Forereef,Mid,3213.604407,N,OAH_NE,OAH_NE,OAH_NE,OAH_NE,OAH_NE,
OAH_NE,Oahu,MHI,MS,M,S,Forereef,Shallow,3680.967178,N,OAH_NE,OAH_NE,OAH_NE,OAH_NE,OAH_NE,
OAH_NORTH,Oahu,MHI,MS,M,S,Forereef,Deep,556.2921428,N,OAH_NORTH,OAH_NORTH,OAH_NORTH,OAH_NORTH,OAH_NORTH,
OAH_NORTH,Oahu,MHI,MS,M,S,Forereef,Mid,1146.80066,N,OAH_NORTH,OAH_NORTH,OAH_NORTH,OAH_NORTH,OAH_NORTH,
OAH_NORTH,Oahu,MHI,MS,M,S,Forereef,Shallow,856.7078885,N,OAH_NORTH,OAH_NORTH,OAH_NORTH,OAH_NORTH,OAH_NORTH,
Brooks,Brooks,NWHI,BANK,U,U,Forereef,Deep,66.21195617,N,Brooks,Brooks,Brooks,Brooks,Brooks,
French Frigate,French Frigate,NWHI,None,U,U,Backreef,All,669.453395,N,French Frigate,French Frigate,French Frigate,French Frigate,French Frigate,
French Frigate,French Frigate,NWHI,None,U,U,Forereef,Deep,3237.453214,N,French Frigate,French Frigate,French Frigate,French Frigate,French Frigate,
French Frigate,French Frigate,NWHI,None,U,U,Forereef,Mid,4786.898844,N,French Frigate,French Frigate,French Frigate,French Frigate,French Frigate,
French Frigate,French Frigate,NWHI,None,U,U,Forereef,Shallow,848.8896068,N,French Frigate,French Frigate,French Frigate,French Frigate,French Frigate,
French Frigate,French Frigate,NWHI,None,U,U,Lagoon,Deep,5056.025627,N,French Frigate,French Frigate,French Frigate,French Frigate,French Frigate,
French Frigate,French Frigate,NWHI,None,U,U,Lagoon,Mid,11059.71182,N,French Frigate,French Frigate,French Frigate,French Frigate,French Frigate,
French Frigate,French Frigate,NWHI,None,U,U,Lagoon,Shallow,2138.998651,N,French Frigate,French Frigate,French Frigate,French Frigate,French Frigate,
Gardner,Gardner,NWHI,None,U,U,Forereef,Deep,28559.86045,Y,Gardner,Gardner,Gardner,Gardner,Gardner,"Virtually no bathymetry, huge uncertainty, assuming 90% of roughly estimates bottom is in deep forereef"
Gardner,Gardner,NWHI,None,U,U,Forereef,Mid,1586.658914,Y,Gardner,Gardner,Gardner,Gardner,Gardner,"Virtually no bathymetry, huge uncertainty, assuming 90% of roughly estimates bottom is in deep forereef"
Gardner,Gardner,NWHI,None,U,U,Forereef,Shallow,1586.658914,Y,Gardner,Gardner,Gardner,Gardner,Gardner,"Virtually no bathymetry, huge uncertainty, assuming 90% of roughly estimates bottom is in deep forereef"
Kure,Kure,NWHI,None,U,U,Backreef,All,313.2284126,N,Kure,Kure,Kure,Kure,Kure,
Kure,Kure,NWHI,None,U,U,Forereef,Deep,1122.511521,N,Kure,Kure,Kure,Kure,Kure,
Kure,Kure,NWHI,None,U,U,Forereef,Mid,1096.142722,N,Kure,Kure,Kure,Kure,Kure,
Kure,Kure,NWHI,None,U,U,Forereef,Shallow,219.8318451,N,Kure,Kure,Kure,Kure,Kure,
Kure,Kure,NWHI,None,U,U,Lagoon,Mid,146.065072,N,Kure,Kure,Kure,Kure,Kure,
Kure,Kure,NWHI,None,U,U,Lagoon,Shallow,801.5929159,N,Kure,Kure,Kure,Kure,Kure,
Laysan,Laysan,NWHI,None,U,U,Forereef,Deep,1763.688407,Y,Laysan,Laysan,Laysan,Laysan,Laysan,"Very rough guess, many many estimations"
Laysan,Laysan,NWHI,None,U,U,Forereef,Mid,1435.923054,Y,Laysan,Laysan,Laysan,Laysan,Laysan,"Very rough guess, many many estimations"
Laysan,Laysan,NWHI,None,U,U,Forereef,Shallow,200,Y,Laysan,Laysan,Laysan,Laysan,Laysan,"Very rough guess, many many estimations"
Lisianski,Lisianski,NWHI,None,U,U,Forereef,Deep,14059.07869,Y,Lisianski,Lisianski,Lisianski,Lisianski,Lisianski,Major unknowns in maps - habitat and bathymetry ..lots of guesstimation .. Potential to be VERY wrong
Lisianski,Lisianski,NWHI,None,U,U,Forereef,Mid,11054.46672,Y,Lisianski,Lisianski,Lisianski,Lisianski,Lisianski,Major unknowns in maps - habitat and bathymetry ..lots of guesstimation .. Potential to be VERY wrong
Lisianski,Lisianski,NWHI,None,U,U,Forereef,Shallow,5841.383859,Y,Lisianski,Lisianski,Lisianski,Lisianski,Lisianski,Major unknowns in maps - habitat and bathymetry ..lots of guesstimation .. Potential to be VERY wrong
Maro,Maro,NWHI,None,U,U,Backreef,All,8195.485754,N,Maro,Maro,Maro,Maro,Maro,
Maro,Maro,NWHI,None,U,U,Forereef,Deep,5403.476117,N,Maro,Maro,Maro,Maro,Maro,
Maro,Maro,NWHI,None,U,U,Forereef,Mid,14308.88263,N,Maro,Maro,Maro,Maro,Maro,
Maro,Maro,NWHI,None,U,U,Forereef,Shallow,5894.320658,N,Maro,Maro,Maro,Maro,Maro,
Maro,Maro,NWHI,None,U,U,Lagoon,Mid,207.821398,N,Maro,Maro,Maro,Maro,Maro,
Maro,Maro,NWHI,None,U,U,Lagoon,Shallow,182.6414462,N,Maro,Maro,Maro,Maro,Maro,
Midway,Midway,NWHI,None,U,U,Backreef,All,414.9599651,N,Midway,Midway,Midway,Midway,Midway,
Midway,Midway,NWHI,None,U,U,Forereef,Deep,1566.839533,N,Midway,Midway,Midway,Midway,Midway,
Midway,Midway,NWHI,None,U,U,Forereef,Mid,1472.589454,N,Midway,Midway,Midway,Midway,Midway,
Midway,Midway,NWHI,None,U,U,Forereef,Shallow,254.2145327,N,Midway,Midway,Midway,Midway,Midway,
Midway,Midway,NWHI,None,U,U,Lagoon,Deep,0.005735694,N,Midway,Midway,Midway,Midway,Midway,
Midway,Midway,NWHI,None,U,U,Lagoon,Mid,396.1011223,N,Midway,Midway,Midway,Midway,Midway,
Midway,Midway,NWHI,None,U,U,Lagoon,Shallow,890.879595,N,Midway,Midway,Midway,Midway,Midway,
Necker,Necker,NWHI,None,U,U,Forereef,Deep,491.2692997,N,Necker,Necker,Necker,Necker,Necker,
Necker,Necker,NWHI,None,U,U,Forereef,Mid,136.8155079,N,Necker,Necker,Necker,Necker,Necker,
Necker,Necker,NWHI,None,U,U,Forereef,Shallow,8.536971662,N,Necker,Necker,Necker,Necker,Necker,
Nihoa,Nihoa,NWHI,None,U,U,Forereef,Deep,351.5016844,Y,Nihoa,Nihoa,Nihoa,Nihoa,Nihoa,Gaps in bathymetry
Nihoa,Nihoa,NWHI,None,U,U,Forereef,Mid,52.68378472,Y,Nihoa,Nihoa,Nihoa,Nihoa,Nihoa,Gaps in bathymetry
Nihoa,Nihoa,NWHI,None,U,U,Forereef,Shallow,5.680626717,Y,Nihoa,Nihoa,Nihoa,Nihoa,Nihoa,Gaps in bathymetry
Pearl & Hermes,Pearl & Hermes,NWHI,None,U,U,Backreef,All,1471.478356,N,Pearl & Hermes,Pearl & Hermes,Pearl & Hermes,Pearl & Hermes,Pearl & Hermes,
Pearl & Hermes,Pearl & Hermes,NWHI,None,U,U,Forereef,Deep,2427.794421,N,Pearl & Hermes,Pearl & Hermes,Pearl & Hermes,Pearl & Hermes,Pearl & Hermes,
Pearl & Hermes,Pearl & Hermes,NWHI,None,U,U,Forereef,Mid,5454.131479,N,Pearl & Hermes,Pearl & Hermes,Pearl & Hermes,Pearl & Hermes,Pearl & Hermes,
Pearl & Hermes,Pearl & Hermes,NWHI,None,U,U,Forereef,Shallow,615.6033439,N,Pearl & Hermes,Pearl & Hermes,Pearl & Hermes,Pearl & Hermes,Pearl & Hermes,
Pearl & Hermes,Pearl & Hermes,NWHI,None,U,U,Lagoon,Mid,2681.950925,N,Pearl & Hermes,Pearl & Hermes,Pearl & Hermes,Pearl & Hermes,Pearl & Hermes,
Pearl & Hermes,Pearl & Hermes,NWHI,None,U,U,Lagoon,Shallow,5161.106161,N,Pearl & Hermes,Pearl & Hermes,Pearl & Hermes,Pearl & Hermes,Pearl & Hermes,
Pioneer,Pioneer,NWHI,BANK,U,U,Forereef,Deep,5.320384168,N,Pioneer,Pioneer,Pioneer,Pioneer,Pioneer,
Raita,Raita,NWHI,BANK,U,U,Forereef,Deep,3118.12,N,Raita,Raita,Raita,Raita,Raita,
Raita,Raita,NWHI,BANK,U,U,Forereef,Mid,335.75,N,Raita,Raita,Raita,Raita,Raita,
StRogatine,StRogatine,NWHI,BANK,U,U,Forereef,Deep,1726.935,N,StRogatine,StRogatine,StRogatine,StRogatine,StRogatine,
Baker,Baker,PRIAs,None,U,U,Forereef,Deep,60.02154356,N,Baker,Baker,Baker,Baker,Baker,
Baker,Baker,PRIAs,None,U,U,Forereef,Mid,118.6325616,N,Baker,Baker,Baker,Baker,Baker,
Baker,Baker,PRIAs,None,U,U,Forereef,Shallow,211.6216964,N,Baker,Baker,Baker,Baker,Baker,
Howland,Howland,PRIAs,None,U,U,Forereef,Deep,18.78664183,N,Howland,Howland,Howland,Howland,Howland,
Howland,Howland,PRIAs,None,U,U,Forereef,Mid,40.21083959,N,Howland,Howland,Howland,Howland,Howland,
Howland,Howland,PRIAs,None,U,U,Forereef,Shallow,113.8553854,N,Howland,Howland,Howland,Howland,Howland,
Jarvis,Jarvis,PRIAs,None,U,U,Forereef,Deep,19.64306398,N,Jarvis,Jarvis,Jarvis,Jarvis,Jarvis,
Jarvis,Jarvis,PRIAs,None,U,U,Forereef,Mid,191.1130626,N,Jarvis,Jarvis,Jarvis,Jarvis,Jarvis,
Jarvis,Jarvis,PRIAs,None,U,U,Forereef,Shallow,155.1495257,N,Jarvis,Jarvis,Jarvis,Jarvis,Jarvis,
Johnston,Johnston,PRIAs,JOH,U,U,Backreef,Deep,1.20222388,N,Johnston,Johnston,Johnston,Johnston,Johnston,
Johnston,Johnston,PRIAs,JOH,U,U,Backreef,Mid,194.646307,N,Johnston,Johnston,Johnston,Johnston,Johnston,
Johnston,Johnston,PRIAs,JOH,U,U,Backreef,Shallow,476.0214727,N,Johnston,Johnston,Johnston,Johnston,Johnston,
Johnston,Johnston,PRIAs,JOH,U,U,Forereef,Deep,155.5810729,N,Johnston,Johnston,Johnston,Johnston,Johnston,
Johnston,Johnston,PRIAs,JOH,U,U,Forereef,Mid,323.0447292,N,Johnston,Johnston,Johnston,Johnston,Johnston,
Johnston,Johnston,PRIAs,JOH,U,U,Forereef,Shallow,234.7502312,N,Johnston,Johnston,Johnston,Johnston,Johnston,
Johnston,Johnston,PRIAs,JOH,U,U,Lagoon,Deep,2910.782902,N,Johnston,Johnston,Johnston,Johnston,Johnston,
Johnston,Johnston,PRIAs,JOH,U,U,Lagoon,Mid,3936.545626,N,Johnston,Johnston,Johnston,Johnston,Johnston,
Johnston,Johnston,PRIAs,JOH,U,U,Lagoon,Shallow,1177.620153,N,Johnston,Johnston,Johnston,Johnston,Johnston,
Kingman,Kingman,PRIAs,None,U,U,Backreef,Deep,160.2869536,N,Kingman,Kingman,Kingman,Kingman,Kingman,
Kingman,Kingman,PRIAs,None,U,U,Backreef,Mid,1464.254273,N,Kingman,Kingman,Kingman,Kingman,Kingman,
Kingman,Kingman,PRIAs,None,U,U,Backreef,Shallow,534.1884854,N,Kingman,Kingman,Kingman,Kingman,Kingman,
Kingman,Kingman,PRIAs,None,U,U,Forereef,Deep,131.9234976,N,Kingman,Kingman,Kingman,Kingman,Kingman,
Kingman,Kingman,PRIAs,None,U,U,Forereef,Mid,203.2483233,N,Kingman,Kingman,Kingman,Kingman,Kingman,
Kingman,Kingman,PRIAs,None,U,U,Forereef,Shallow,15.91234863,N,Kingman,Kingman,Kingman,Kingman,Kingman,
Kingman,Kingman,PRIAs,None,U,U,Lagoon,Deep,938.403659,N,Kingman,Kingman,Kingman,Kingman,Kingman,
Kingman,Kingman,PRIAs,None,U,U,Lagoon,Mid,236.0078497,N,Kingman,Kingman,Kingman,Kingman,Kingman,
Kingman,Kingman,PRIAs,None,U,U,Lagoon,Shallow,23.83704401,N,Kingman,Kingman,Kingman,Kingman,Kingman,
Kingman,Kingman,PRIAs,None,U,U,OTHER,OTHER,13.01242995,N,Kingman,Kingman,Kingman,Kingman,Kingman,
Palmyra,Palmyra,PRIAs,None,U,U,Backreef,Deep,11.58568484,N,Palmyra,Palmyra,Palmyra,Palmyra,Palmyra,
Palmyra,Palmyra,PRIAs,None,U,U,Backreef,Mid,67.99264287,N,Palmyra,Palmyra,Palmyra,Palmyra,Palmyra,
Palmyra,Palmyra,PRIAs,None,U,U,Backreef,Shallow,1246.94781,N,Palmyra,Palmyra,Palmyra,Palmyra,Palmyra,
Palmyra,Palmyra,PRIAs,None,U,U,Forereef,Deep,623.950261,N,Palmyra,Palmyra,Palmyra,Palmyra,Palmyra,
Palmyra,Palmyra,PRIAs,None,U,U,Forereef,Mid,1527.372655,N,Palmyra,Palmyra,Palmyra,Palmyra,Palmyra,
Palmyra,Palmyra,PRIAs,None,U,U,Forereef,Shallow,642.028097,N,Palmyra,Palmyra,Palmyra,Palmyra,Palmyra,
Palmyra,Palmyra,PRIAs,None,U,U,Lagoon,Mid,54.8903582,N,Palmyra,Palmyra,Palmyra,Palmyra,Palmyra,
Palmyra,Palmyra,PRIAs,None,U,U,Lagoon,Shallow,18.69397438,N,Palmyra,Palmyra,Palmyra,Palmyra,Palmyra,
Palmyra,Palmyra,PRIAs,None,U,U,OTHER,OTHER,19.27986332,N,Palmyra,Palmyra,Palmyra,Palmyra,Palmyra,
Wake,Wake,PRIAs,WAK,U,U,Backreef,Deep,0.008197859,N,Wake,Wake,Wake,Wake,Wake,
Wake,Wake,PRIAs,WAK,U,U,Backreef,Mid,5.530948577,N,Wake,Wake,Wake,Wake,Wake,
Wake,Wake,PRIAs,WAK,U,U,Backreef,Shallow,689.5000228,N,Wake,Wake,Wake,Wake,Wake,
Wake,Wake,PRIAs,WAK,U,U,Forereef,Deep,59.48386537,N,Wake,Wake,Wake,Wake,Wake,
Wake,Wake,PRIAs,WAK,U,U,Forereef,Mid,102.2772869,N,Wake,Wake,Wake,Wake,Wake,
Wake,Wake,PRIAs,WAK,U,U,Forereef,Shallow,117.9897305,N,Wake,Wake,Wake,Wake,Wake,
Wake,Wake,PRIAs,WAK,U,U,Lagoon,Shallow,307.2366532,N,Wake,Wake,Wake,Wake,Wake,
Ofu & Olosega,Ofu & Olosega,SAMOA,None,U,U,Forereef,Deep,303.685,N,Ofu & Olosega,Ofu & Olosega,Ofu & Olosega,Ofu & Olosega,Ofu & Olosega,Area calculated from 50*50 grids
Ofu & Olosega,Ofu & Olosega,SAMOA,None,U,U,Forereef,Mid,369.0125,N,Ofu & Olosega,Ofu & Olosega,Ofu & Olosega,Ofu & Olosega,Ofu & Olosega,Area calculated from 50*50 grids
Ofu & Olosega,Ofu & Olosega,SAMOA,None,U,U,Forereef,Shallow,120.675,N,Ofu & Olosega,Ofu & Olosega,Ofu & Olosega,Ofu & Olosega,Ofu & Olosega,Area calculated from 50*50 grids
ROSE_UNSAMPLED,Rose,SAMOA,REMOTE,U,U,OTHER,OTHER,46.345,N,Rose,Rose,Rose,Rose,ROSE_OTHER,Area calculated from 50*50 grids
ROSE_OTHER,Rose,SAMOA,REMOTE,U,U,Backreef,All,171.3562,N,Rose,Rose,Rose,Rose,ROSE_OTHER,Area calculated from 50*50 grids
ROSE_OTHER,Rose,SAMOA,REMOTE,U,U,Lagoon,Deep,74.5,N,Rose,Rose,Rose,Rose,ROSE_OTHER,Area calculated from 50*50 grids
ROSE_OTHER,Rose,SAMOA,REMOTE,U,U,Lagoon,Mid,27.5,N,Rose,Rose,Rose,Rose,ROSE_OTHER,Area calculated from 50*50 grids
ROSE_OTHER,Rose,SAMOA,REMOTE,U,U,Lagoon,Shallow,2.25,N,Rose,Rose,Rose,Rose,ROSE_OTHER,Area calculated from 50*50 grids
ROSE_SANCTUARY,Rose,SAMOA,REMOTE,U,U,Forereef,Deep,16.5025,N,Rose,Rose,Rose,Rose,ROSE_SANCTUARY,Area calculated from 50*50 grids
ROSE_SANCTUARY,Rose,SAMOA,REMOTE,U,U,Forereef,Mid,85.3,N,Rose,Rose,Rose,Rose,ROSE_SANCTUARY,Area calculated from 50*50 grids
ROSE_SANCTUARY,Rose,SAMOA,REMOTE,U,U,Forereef,Shallow,18.4925,N,Rose,Rose,Rose,Rose,ROSE_SANCTUARY,Area calculated from 50*50 grids
South Bank,South Bank,SAMOA,None,U,U,Forereef,Deep,25,Y,South Bank,South Bank,South Bank,South Bank,South Bank,"Arbitrarily setting to 25ha, assuming also that it is all deep .. CRED found it hard to find any bottom < 30m"
SWAINS_OPEN,Swains,SAMOA,REMOTE,U,U,Forereef,Deep,2.930460683,N,Swains,Swains,Swains,SWAINS_OPEN,SWAINS_OPEN,
SWAINS_OPEN,Swains,SAMOA,REMOTE,U,U,Forereef,Mid,15.6128307,N,Swains,Swains,Swains,SWAINS_OPEN,SWAINS_OPEN,
SWAINS_OPEN,Swains,SAMOA,REMOTE,U,U,Forereef,Shallow,92.22740392,N,Swains,Swains,Swains,SWAINS_OPEN,SWAINS_OPEN,
SWAINS_SANCTUARY,Swains,SAMOA,REMOTE,U,U,Forereef,Deep,9.371844797,N,Swains,Swains,Swains,SWAINS_SANCTUARY,SWAINS_SANCTUARY,
SWAINS_SANCTUARY,Swains,SAMOA,REMOTE,U,U,Forereef,Mid,41.80811022,N,Swains,Swains,Swains,SWAINS_SANCTUARY,SWAINS_SANCTUARY,
SWAINS_SANCTUARY,Swains,SAMOA,REMOTE,U,U,Forereef,Shallow,118.5523679,N,Swains,Swains,Swains,SWAINS_SANCTUARY,SWAINS_SANCTUARY,
TAU_OPEN,Tau,SAMOA,None,U,U,Forereef,Deep,179.335,N,Tau,Tau,Tau,Tau,Tau,Area calculated from 50*50 grids
TAU_OPEN,Tau,SAMOA,None,U,U,Forereef,Mid,494.905,N,Tau,Tau,Tau,Tau,Tau,Area calculated from 50*50 grids
TAU_OPEN,Tau,SAMOA,None,U,U,Forereef,Shallow,119.3825,N,Tau,Tau,Tau,Tau,Tau,Area calculated from 50*50 grids
TAU_SANCTUARY,Tau,SAMOA,None,U,U,Forereef,Deep,24.1775,N,Tau,Tau,Tau,Tau,Tau,Area calculated from 50*50 grids
TAU_SANCTUARY,Tau,SAMOA,None,U,U,Forereef,Mid,71.735,N,Tau,Tau,Tau,Tau,Tau,Area calculated from 50*50 grids
TAU_SANCTUARY,Tau,SAMOA,None,U,U,Forereef,Shallow,14.335,N,Tau,Tau,Tau,Tau,Tau,Area calculated from 50*50 grids
TUT_NE,Tutuila,SAMOA,None,U,U,Forereef,Deep,372.75,N,Tutuila,Tutuila,Tutuila,TUT_NE,TUT_NE,
TUT_NE,Tutuila,SAMOA,None,U,U,Forereef,Mid,424.975915,N,Tutuila,Tutuila,Tutuila,TUT_NE,TUT_NE,
TUT_NE,Tutuila,SAMOA,None,U,U,Forereef,Shallow,272.908652,N,Tutuila,Tutuila,Tutuila,TUT_NE,TUT_NE,
AUNUU_SANCTUARY_B,Tutuila,SAMOA,None,U,U,Forereef,Deep,202.75,N,Tutuila,Tutuila,Tutuila,TUT_NE,AUNUU_SANCTUARY_B,
AUNUU_SANCTUARY_B,Tutuila,SAMOA,None,U,U,Forereef,Mid,40.785613,N,Tutuila,Tutuila,Tutuila,TUT_NE,AUNUU_SANCTUARY_B,
AUNUU_SANCTUARY_B,Tutuila,SAMOA,None,U,U,Forereef,Shallow,0.237178,N,Tutuila,Tutuila,Tutuila,TUT_NE,AUNUU_SANCTUARY_B,
TUT_NW,Tutuila,SAMOA,None,U,U,Forereef,Deep,257.749805,N,Tutuila,Tutuila,Tutuila,TUT_NW,TUT_NW,
TUT_NW,Tutuila,SAMOA,None,U,U,Forereef,Mid,220.279623,N,Tutuila,Tutuila,Tutuila,TUT_NW,TUT_NW,
TUT_NW,Tutuila,SAMOA,None,U,U,Forereef,Shallow,130.40737,N,Tutuila,Tutuila,Tutuila,TUT_NW,TUT_NW,
FAGATELE_SANCTUARY,Tutuila,SAMOA,None,U,U,Forereef,Deep,4.5,N,Tutuila,Tutuila,Tutuila,TUT_SW,FAGATELE_SANCTUARY,
FAGATELE_SANCTUARY,Tutuila,SAMOA,None,U,U,Forereef,Mid,20.240437,N,Tutuila,Tutuila,Tutuila,TUT_SW,FAGATELE_SANCTUARY,
FAGATELE_SANCTUARY,Tutuila,SAMOA,None,U,U,Forereef,Shallow,9.40478,N,Tutuila,Tutuila,Tutuila,TUT_SW,FAGATELE_SANCTUARY,
TUT_SE,Tutuila,SAMOA,None,U,U,Forereef,Deep,291.75,N,Tutuila,Tutuila,Tutuila,TUT_SE,TUT_SE,
TUT_SE,Tutuila,SAMOA,None,U,U,Forereef,Mid,659.467967,N,Tutuila,Tutuila,Tutuila,TUT_SE,TUT_SE,
TUT_SE,Tutuila,SAMOA,None,U,U,Forereef,Shallow,472.86253,N,Tutuila,Tutuila,Tutuila,TUT_SE,TUT_SE,
TUT_SW,Tutuila,SAMOA,None,U,U,Forereef,Deep,266.229803,N,Tutuila,Tutuila,Tutuila,TUT_SW,TUT_SW,
TUT_SW,Tutuila,SAMOA,None,U,U,Forereef,Mid,227.456372,N,Tutuila,Tutuila,Tutuila,TUT_SW,TUT_SW,
TUT_SW,Tutuila,SAMOA,None,U,U,Forereef,Shallow,208.774795,N,Tutuila,Tutuila,Tutuila,TUT_SW,TUT_SW,
TUT_PAGOPAGO,Tutuila,SAMOA,None,U,U,Forereef,Deep,9.748664,N,Tutuila,Tutuila,Tutuila,TUT_PAGOPAGO,TUT_PAGOPAGO,
TUT_PAGOPAGO,Tutuila,SAMOA,None,U,U,Forereef,Mid,29.396668,N,Tutuila,Tutuila,Tutuila,TUT_PAGOPAGO,TUT_PAGOPAGO,
TUT_PAGOPAGO,Tutuila,SAMOA,None,U,U,Forereef,Shallow,59.74816,N,Tutuila,Tutuila,Tutuila,TUT_PAGOPAGO,TUT_PAGOPAGO,
