REGION,ISLAND,SEC_NAME,REEF_ZONE,DEPTH_BIN,AREA_HA,NH,RAMP_BASIC,MARI2011,MARI2014,TUT10_12,AS_SANCTUARY,REP_CARD,A_BENTHIC_REP_CARD,BENTHIC_SEC_CODE,GEN_MHI_STRUCTURE,PROTECTION_DS,NOTES
CT,Timor Leste,ATA,Forereef,Mid,1,NA,ATA,ATA,ATA,ATA,ATA,ATA,Timor Leste,Timor Leste,NA,NA,"Unkown Size ,, setting to 1 (so all reef zones equal, and as placeholder that is obvioulsy wrong)"
CT,Timor Leste,ATA,Forereef,Shallow,1,NA,ATA,ATA,ATA,ATA,ATA,ATA,Timor Leste,Timor Leste,NA,NA,"Unkown Size ,, setting to 1 (so all reef zones equal, and as placeholder that is obvioulsy wrong)"
CT,Timor Leste,BAU,Forereef,Mid,1,NA,BAU,BAU,BAU,BAU,BAU,BAU,Timor Leste,Timor Leste,NA,NA,"Unkown Size ,, setting to 1 (so all reef zones equal, and as placeholder that is obvioulsy wrong)"
CT,Timor Leste,BAU,Forereef,Shallow,1,NA,BAU,BAU,BAU,BAU,BAU,BAU,Timor Leste,Timor Leste,NA,NA,"Unkown Size ,, setting to 1 (so all reef zones equal, and as placeholder that is obvioulsy wrong)"
CT,Timor Leste,BOB,Forereef,Mid,1,NA,BOB,BOB,BOB,BOB,BOB,BOB,Timor Leste,Timor Leste,NA,NA,"Unkown Size ,, setting to 1 (so all reef zones equal, and as placeholder that is obvioulsy wrong)"
CT,Timor Leste,BOB,Forereef,Shallow,1,NA,BOB,BOB,BOB,BOB,BOB,BOB,Timor Leste,Timor Leste,NA,NA,"Unkown Size ,, setting to 1 (so all reef zones equal, and as placeholder that is obvioulsy wrong)"
CT,Timor Leste,DIL,Forereef,Mid,1,NA,DIL,DIL,DIL,DIL,DIL,DIL,Timor Leste,Timor Leste,NA,NA,"Unkown Size ,, setting to 1 (so all reef zones equal, and as placeholder that is obvioulsy wrong)"
CT,Timor Leste,DIL,Forereef,Shallow,1,NA,DIL,DIL,DIL,DIL,DIL,DIL,Timor Leste,Timor Leste,NA,NA,"Unkown Size ,, setting to 1 (so all reef zones equal, and as placeholder that is obvioulsy wrong)"
CT,Timor Leste,LAU,Forereef,Mid,1,NA,LAU,LAU,LAU,LAU,LAU,LAU,Timor Leste,Timor Leste,NA,NA,"Unkown Size ,, setting to 1 (so all reef zones equal, and as placeholder that is obvioulsy wrong)"
CT,Timor Leste,LAU,Forereef,Shallow,1,NA,LAU,LAU,LAU,LAU,LAU,LAU,Timor Leste,Timor Leste,NA,NA,"Unkown Size ,, setting to 1 (so all reef zones equal, and as placeholder that is obvioulsy wrong)"
CT,Timor Leste,LIQ,Forereef,Mid,1,NA,LIQ,LIQ,LIQ,LIQ,LIQ,LIQ,Timor Leste,Timor Leste,NA,NA,"Unkown Size ,, setting to 1 (so all reef zones equal, and as placeholder that is obvioulsy wrong)"
CT,Timor Leste,LIQ,Forereef,Shallow,1,NA,LIQ,LIQ,LIQ,LIQ,LIQ,LIQ,Timor Leste,Timor Leste,NA,NA,"Unkown Size ,, setting to 1 (so all reef zones equal, and as placeholder that is obvioulsy wrong)"
CT,Timor Leste,MAN,Forereef,Mid,1,NA,MAN,MAN,MAN,MAN,MAN,MAN,Timor Leste,Timor Leste,NA,NA,"Unkown Size ,, setting to 1 (so all reef zones equal, and as placeholder that is obvioulsy wrong)"
CT,Timor Leste,MAN,Forereef,Shallow,1,NA,MAN,MAN,MAN,MAN,MAN,MAN,Timor Leste,Timor Leste,NA,NA,"Unkown Size ,, setting to 1 (so all reef zones equal, and as placeholder that is obvioulsy wrong)"
CT,Timor Leste,OEC,Forereef,Mid,1,NA,OEC,OEC,OEC,OEC,OEC,OEC,Timor Leste,Timor Leste,NA,NA,"Unkown Size ,, setting to 1 (so all reef zones equal, and as placeholder that is obvioulsy wrong)"
CT,Timor Leste,OEC,Forereef,Shallow,1,NA,OEC,OEC,OEC,OEC,OEC,OEC,Timor Leste,Timor Leste,NA,NA,"Unkown Size ,, setting to 1 (so all reef zones equal, and as placeholder that is obvioulsy wrong)"
CT,Timor Leste,VIL,Forereef,Mid,1,NA,VIL,VIL,VIL,VIL,VIL,VIL,Timor Leste,Timor Leste,NA,NA,"Unkown Size ,, setting to 1 (so all reef zones equal, and as placeholder that is obvioulsy wrong)"
CT,Timor Leste,VIL,Forereef,Shallow,1,NA,VIL,VIL,VIL,VIL,VIL,VIL,Timor Leste,Timor Leste,NA,NA,"Unkown Size ,, setting to 1 (so all reef zones equal, and as placeholder that is obvioulsy wrong)"
MARIAN,11-mile bank,11-mile bank,Forereef,Deep,2.642415605,NA,11-mile bank,11-mile bank,11-mile bank,11-mile bank,11-mile bank,NOT,11-mile bank,11-mile bank,NA,NA,
MARIAN,Agrihan,Agrihan,Forereef,Deep,455.6356862,1823,Agrihan,Agrihan,Agrihan,Agrihan,Agrihan,CNMI_UNPOP,AGR,AGR,,OPEN,
MARIAN,Agrihan,Agrihan,Forereef,Mid,51.8014133,207,Agrihan,Agrihan,Agrihan,Agrihan,Agrihan,CNMI_UNPOP,AGR,AGR,,OPEN,
MARIAN,Agrihan,Agrihan,Forereef,Shallow,343.1901754,1373,Agrihan,Agrihan,Agrihan,Agrihan,Agrihan,CNMI_UNPOP,AGR,AGR,,OPEN,
MARIAN,Aguijan,Aguijan,Forereef,Deep,119.2887963,477,Aguijan,Aguijan,Aguijan,Aguijan,Aguijan,SaTiAg,AGU,AGU,,OPEN,
MARIAN,Aguijan,Aguijan,Forereef,Mid,129.0007981,516,Aguijan,Aguijan,Aguijan,Aguijan,Aguijan,SaTiAg,AGU,AGU,,OPEN,
MARIAN,Aguijan,Aguijan,Forereef,Shallow,157.3007294,629,Aguijan,Aguijan,Aguijan,Aguijan,Aguijan,SaTiAg,AGU,AGU,,OPEN,
MARIAN,Alamagan,Alamagan,Forereef,Deep,112.8532954,451,Alamagan,Alamagan,Alamagan,Alamagan,Alamagan,CNMI_UNPOP,ALA,ALA,,OPEN,
MARIAN,Alamagan,Alamagan,Forereef,Mid,162.4144779,650,Alamagan,Alamagan,Alamagan,Alamagan,Alamagan,CNMI_UNPOP,ALA,ALA,,OPEN,
MARIAN,Alamagan,Alamagan,Forereef,Shallow,71.071876,284,Alamagan,Alamagan,Alamagan,Alamagan,Alamagan,CNMI_UNPOP,ALA,ALA,,OPEN,
MARIAN,Anatahan,Anatahan,Forereef,Deep,393.9252048,NA,Anatahan,Anatahan,Anatahan,Anatahan,Anatahan,NOT,Ana,Ana,NA,NA,"Assume average size island, assume dms each 1/3"
MARIAN,Anatahan,Anatahan,Forereef,Mid,393.9252048,NA,Anatahan,Anatahan,Anatahan,Anatahan,Anatahan,NOT,Ana,Ana,NA,NA,"Assume average size island, assume dms each 1/3"
MARIAN,Anatahan,Anatahan,Forereef,Shallow,393.9252048,NA,Anatahan,Anatahan,Anatahan,Anatahan,Anatahan,NOT,Ana,Ana,NA,NA,"Assume average size island, assume dms each 1/3"
MARIAN,Arakane,Arakane,Forereef,Deep,24.5959461,NA,Arakane,Arakane,Arakane,Arakane,Arakane,NOT,Arakane,Arakane,NA,NA,
MARIAN,Arakane,Arakane,Forereef,Mid,23.2565184,NA,Arakane,Arakane,Arakane,Arakane,Arakane,NOT,Arakane,Arakane,NA,NA,
MARIAN,Asuncion,Asuncion,Forereef,Deep,64.03633046,256,Asuncion,Asuncion,Asuncion,Asuncion,Asuncion,MTMNM,ASC,ASC,,MTMM,
MARIAN,Asuncion,Asuncion,Forereef,Mid,130.7967187,523,Asuncion,Asuncion,Asuncion,Asuncion,Asuncion,MTMNM,ASC,ASC,,MTMM,
MARIAN,Asuncion,Asuncion,Forereef,Shallow,53.77229254,215,Asuncion,Asuncion,Asuncion,Asuncion,Asuncion,MTMNM,ASC,ASC,,MTMM,
MARIAN,Farallon de Medenilla,Farallon de Medenilla,Forereef,Deep,78.47331358,NA,Farallon de Medenilla,Farallon de Medenilla,Farallon de Medenilla,Farallon de Medenilla,Farallon de Medenilla,NOT,Farallon de Medenilla,Farallon de Medenilla,NA,NA,
MARIAN,Farallon de Medenilla,Farallon de Medenilla,Forereef,Mid,52.80542635,NA,Farallon de Medenilla,Farallon de Medenilla,Farallon de Medenilla,Farallon de Medenilla,Farallon de Medenilla,NOT,Farallon de Medenilla,Farallon de Medenilla,NA,NA,
MARIAN,Farallon de Medenilla,Farallon de Medenilla,Forereef,Shallow,20.23990304,NA,Farallon de Medenilla,Farallon de Medenilla,Farallon de Medenilla,Farallon de Medenilla,Farallon de Medenilla,NOT,Farallon de Medenilla,Farallon de Medenilla,NA,NA,
MARIAN,Farallon de Pajaros,Farallon de Pajaros,Forereef,Deep,36.860822,147,Farallon de Pajaros,Farallon de Pajaros,Farallon de Pajaros,Farallon de Pajaros,Farallon de Pajaros,MTMNM,FDP,FDP,,MTMM,
MARIAN,Farallon de Pajaros,Farallon de Pajaros,Forereef,Mid,68.68271,275,Farallon de Pajaros,Farallon de Pajaros,Farallon de Pajaros,Farallon de Pajaros,Farallon de Pajaros,MTMNM,FDP,FDP,,MTMM,
MARIAN,Farallon de Pajaros,Farallon de Pajaros,Forereef,Shallow,32.916547,132,Farallon de Pajaros,Farallon de Pajaros,Farallon de Pajaros,Farallon de Pajaros,Farallon de Pajaros,MTMNM,FDP,FDP,,MTMM,
MARIAN,Galvez,Galvez,Forereef,Deep,15.29549096,NA,Galvez,Galvez,Galvez,Galvez,Galvez,NOT,Galvez,Galvez,NA,NA,
MARIAN,Guam,ACHANG_MPA,Forereef,Deep,13.75,55,GUAM_MP,ACHANG_MPA,ACHANG_MPA,GUAM_MP,GUAM_MP,GUAM_MP,GUA_EAST,GUA_EAST,,ACHG,
MARIAN,Guam,ACHANG_MPA,Forereef,Mid,59.25,237,GUAM_MP,ACHANG_MPA,ACHANG_MPA,GUAM_MP,GUAM_MP,GUAM_MP,GUA_EAST,GUA_EAST,,ACHG,
MARIAN,Guam,ACHANG_MPA,Forereef,Shallow,33.25,133,GUAM_MP,ACHANG_MPA,ACHANG_MPA,GUAM_MP,GUAM_MP,GUAM_MP,GUA_EAST,GUA_EAST,,ACHG,
MARIAN,Guam,GUA_EAST_OPEN,Forereef,Deep,664.5,2658,GUAM_EAST_OPEN,GUAM_EAST_OPEN,GUAM_EAST_OPEN,GUAM_EAST_OPEN,GUAM_EAST_OPEN,GUAM_EAST_OPEN,GUA_EAST,GUA_EAST,,OPEN,
MARIAN,Guam,GUA_EAST_OPEN,Forereef,Mid,1027.25,4109,GUAM_EAST_OPEN,GUAM_EAST_OPEN,GUAM_EAST_OPEN,GUAM_EAST_OPEN,GUAM_EAST_OPEN,GUAM_EAST_OPEN,GUA_EAST,GUA_EAST,,OPEN,
MARIAN,Guam,GUA_EAST_OPEN,Forereef,Shallow,421.5,1686,GUAM_EAST_OPEN,GUAM_EAST_OPEN,GUAM_EAST_OPEN,GUAM_EAST_OPEN,GUAM_EAST_OPEN,GUAM_EAST_OPEN,GUA_EAST,GUA_EAST,,OPEN,
MARIAN,Guam,GUA_HARBOR,Forereef,Deep,3.81,15,GUAM_HARBOR,GUAM_HARBOR,GUAM_HARBOR,GUAM_HARBOR,GUAM_HARBOR,NOT,GUA_WEST,GUA_HAR_WEST,,OPEN,
MARIAN,Guam,GUA_HARBOR,Forereef,Mid,38.29,153,GUAM_HARBOR,GUAM_HARBOR,GUAM_HARBOR,GUAM_HARBOR,GUAM_HARBOR,NOT,GUA_WEST,GUA_HAR_WEST,,OPEN,
MARIAN,Guam,GUA_HARBOR,Forereef,Shallow,95.17,381,GUAM_HARBOR,GUAM_HARBOR,GUAM_HARBOR,GUAM_HARBOR,GUAM_HARBOR,NOT,GUA_WEST,GUA_HAR_WEST,,OPEN,
MARIAN,Guam,GUA_WEST_OPEN,Forereef,Deep,438.75,1755,GUAM_WEST_OPEN,GUAM_WEST_OPEN,GUAM_WEST_OPEN,GUAM_WEST_OPEN,GUAM_WEST_OPEN,GUAM_WEST_OPEN,GUA_WEST,GUA_WEST,,OPEN,
MARIAN,Guam,GUA_WEST_OPEN,Forereef,Mid,1035,4140,GUAM_WEST_OPEN,GUAM_WEST_OPEN,GUAM_WEST_OPEN,GUAM_WEST_OPEN,GUAM_WEST_OPEN,GUAM_WEST_OPEN,GUA_WEST,GUA_WEST,,OPEN,
MARIAN,Guam,GUA_WEST_OPEN,Forereef,Shallow,756.5,3026,GUAM_WEST_OPEN,GUAM_WEST_OPEN,GUAM_WEST_OPEN,GUAM_WEST_OPEN,GUAM_WEST_OPEN,GUAM_WEST_OPEN,GUA_WEST,GUA_WEST,,OPEN,
MARIAN,Guam,GUA_PATI_PT,Forereef,Deep,155.25,621,GUAM_MP,PATI_PT_MPA,GUAM_MP_MINUS_ACHANG,GUAM_MP,GUAM_MP,GUAM_MP,GUA_EAST,GUA_EAST,,PATI,
MARIAN,Guam,GUA_PATI_PT,Forereef,Mid,159,636,GUAM_MP,PATI_PT_MPA,GUAM_MP_MINUS_ACHANG,GUAM_MP,GUAM_MP,GUAM_MP,GUA_EAST,GUA_EAST,,PATI,
MARIAN,Guam,GUA_PATI_PT,Forereef,Shallow,36.25,145,GUAM_MP,PATI_PT_MPA,GUAM_MP_MINUS_ACHANG,GUAM_MP,GUAM_MP,GUAM_MP,GUA_EAST,GUA_EAST,,PATI,
MARIAN,Guam,GUA_PITI_BOMB,Forereef,Deep,18.5,74,GUAM_MP,PITI_BOMB_MPA,GUAM_MP_MINUS_ACHANG,GUAM_MP,GUAM_MP,GUAM_MP,GUA_WEST,GUA_WEST,,PITI,
MARIAN,Guam,GUA_PITI_BOMB,Forereef,Mid,40.25,161,GUAM_MP,PITI_BOMB_MPA,GUAM_MP_MINUS_ACHANG,GUAM_MP,GUAM_MP,GUAM_MP,GUA_WEST,GUA_WEST,,PITI,
MARIAN,Guam,GUA_PITI_BOMB,Forereef,Shallow,23.5,94,GUAM_MP,PITI_BOMB_MPA,GUAM_MP_MINUS_ACHANG,GUAM_MP,GUAM_MP,GUAM_MP,GUA_WEST,GUA_WEST,,PITI,
MARIAN,Guam,GUA_SASA_BAY,Forereef,Mid,2.54,10,SASA_BAY_MPA,SASA_BAY_MPA,SASA_BAY_MPA,SASA_BAY_MPA,SASA_BAY_MPA,NOT,GUA_WEST,GUA_HAR_WEST,,SASA,
MARIAN,Guam,GUA_SASA_BAY,Forereef,Shallow,61.82,247,SASA_BAY_MPA,SASA_BAY_MPA,SASA_BAY_MPA,SASA_BAY_MPA,SASA_BAY_MPA,NOT,GUA_WEST,GUA_HAR_WEST,,SASA,
MARIAN,Guam,GUA_TUMON_BAY,Forereef,Deep,27.75,111,GUAM_MP,TUMON_BAY_MPA,GUAM_MP_MINUS_ACHANG,GUAM_MP,GUAM_MP,GUAM_MP,GUA_WEST,GUA_WEST,,TUMB,
MARIAN,Guam,GUA_TUMON_BAY,Forereef,Mid,71.75,287,GUAM_MP,TUMON_BAY_MPA,GUAM_MP_MINUS_ACHANG,GUAM_MP,GUAM_MP,GUAM_MP,GUA_WEST,GUA_WEST,,TUMB,
MARIAN,Guam,GUA_TUMON_BAY,Forereef,Shallow,131,524,GUAM_MP,TUMON_BAY_MPA,GUAM_MP_MINUS_ACHANG,GUAM_MP,GUAM_MP,GUAM_MP,GUA_WEST,GUA_WEST,,TUMB,
MARIAN,Guguan,Guguan,Forereef,Deep,69.60776909,278,Guguan,Guguan,Guguan,Guguan,Guguan,CNMI_UNPOP,GUG,GUG,,OPEN,
MARIAN,Guguan,Guguan,Forereef,Mid,73.0388079,292,Guguan,Guguan,Guguan,Guguan,Guguan,CNMI_UNPOP,GUG,GUG,,OPEN,
MARIAN,Guguan,Guguan,Forereef,Shallow,57.31867709,229,Guguan,Guguan,Guguan,Guguan,Guguan,CNMI_UNPOP,GUG,GUG,,OPEN,
MARIAN,Maug,Maug,Forereef,Deep,87.73461767,351,Maug,Maug,Maug,Maug,Maug,MTMNM,MAU,MAU,,MTMM,
MARIAN,Maug,Maug,Forereef,Mid,190.6950207,763,Maug,Maug,Maug,Maug,Maug,MTMNM,MAU,MAU,,MTMM,
MARIAN,Maug,Maug,Forereef,Shallow,35.44106339,142,Maug,Maug,Maug,Maug,Maug,MTMNM,MAU,MAU,,MTMM,
MARIAN,Pagan,Pagan,Forereef,Deep,571.3645349,2285,Pagan,Pagan,Pagan,Pagan,Pagan,CNMI_UNPOP,PAG,PAG,,OPEN,
MARIAN,Pagan,Pagan,Forereef,Mid,492.5006185,1970,Pagan,Pagan,Pagan,Pagan,Pagan,CNMI_UNPOP,PAG,PAG,,OPEN,
MARIAN,Pagan,Pagan,Forereef,Shallow,449.0588004,1796,Pagan,Pagan,Pagan,Pagan,Pagan,CNMI_UNPOP,PAG,PAG,,OPEN,
MARIAN,Pathfinder,Pathfinder,Forereef,Deep,33.67386448,NA,Pathfinder,Pathfinder,Pathfinder,Pathfinder,Pathfinder,NOT,Pathfinder,Pathfinder,NA,NA,
MARIAN,Pathfinder,Pathfinder,Forereef,Mid,46.89481662,NA,Pathfinder,Pathfinder,Pathfinder,Pathfinder,Pathfinder,NOT,Pathfinder,Pathfinder,NA,NA,
MARIAN,Rota,Rota,Forereef,Deep,187.5332091,750,Rota,Rota,Rota,Rota,Rota,Rota,ROT,ROT,,OPEN,
MARIAN,Rota,Rota,Forereef,Mid,254.5438529,1018,Rota,Rota,Rota,Rota,Rota,Rota,ROT,ROT,,OPEN,
MARIAN,Rota,Rota,Forereef,Shallow,889.2950898,3557,Rota,Rota,Rota,Rota,Rota,Rota,ROT,ROT,,OPEN,
MARIAN,Saipan,Saipan,Backreef,All,597.7086598,2391,Saipan,Saipan,Saipan,Saipan,Saipan,SaTiAg,SAI,SAI,,OPEN,
MARIAN,Saipan,Saipan,Forereef,Deep,1985.586578,7942,Saipan,Saipan,Saipan,Saipan,Saipan,SaTiAg,SAI,SAI,,OPEN,
MARIAN,Saipan,Saipan,Forereef,Mid,1132.596536,4530,Saipan,Saipan,Saipan,Saipan,Saipan,SaTiAg,SAI,SAI,,OPEN,
MARIAN,Saipan,Saipan,Forereef,Shallow,420.8277658,1683,Saipan,Saipan,Saipan,Saipan,Saipan,SaTiAg,SAI,SAI,,OPEN,
MARIAN,Saipan,Saipan,Lagoon,Mid,170.5443267,682,Saipan,Saipan,Saipan,Saipan,Saipan,SaTiAg,SAI,SAI,,OPEN,
MARIAN,Saipan,Saipan,Lagoon,Shallow,412.3027837,1649,Saipan,Saipan,Saipan,Saipan,Saipan,SaTiAg,SAI,SAI,,OPEN,
MARIAN,Saipan,Saipan,OTHER,OTHER,126.9930931,NA,Saipan,Saipan,Saipan,Saipan,Saipan,SaTiAg,SAI,SAI,NA,OPEN,
MARIAN,Santa Rosa,Santa Rosa,Forereef,Deep,2262.645102,NA,Santa Rosa,Santa Rosa,Santa Rosa,Santa Rosa,Santa Rosa,NOT,Santa Rosa,Santa Rosa,NA,NA,
MARIAN,Santa Rosa,Santa Rosa,Forereef,Mid,1288.462096,NA,Santa Rosa,Santa Rosa,Santa Rosa,Santa Rosa,Santa Rosa,NOT,Santa Rosa,Santa Rosa,NA,NA,
MARIAN,Sarigan,Sarigan,Forereef,Deep,88.30851333,353,Sarigan,Sarigan,Sarigan,Sarigan,Sarigan,CNMI_UNPOP,SAR,SAR,,OPEN,
MARIAN,Sarigan,Sarigan,Forereef,Mid,29.81657193,119,Sarigan,Sarigan,Sarigan,Sarigan,Sarigan,CNMI_UNPOP,SAR,SAR,,OPEN,
MARIAN,Sarigan,Sarigan,Forereef,Shallow,79.43434663,318,Sarigan,Sarigan,Sarigan,Sarigan,Sarigan,CNMI_UNPOP,SAR,SAR,,OPEN,
MARIAN,Supply Reef,Supply Reef,Forereef,Deep,8.705859815,NA,Supply Reef,Supply Reef,Supply Reef,Supply Reef,Supply Reef,NOT,Supply Reef,Supply Reef,NA,NA,
MARIAN,Supply Reef,Supply Reef,Forereef,Mid,1.192725779,NA,Supply Reef,Supply Reef,Supply Reef,Supply Reef,Supply Reef,NOT,Supply Reef,Supply Reef,NA,NA,
MARIAN,Tatsumi,Tatsumi,Forereef,Deep,88.09014362,NA,Tatsumi,Tatsumi,Tatsumi,Tatsumi,Tatsumi,NOT,Tatsumi,Tatsumi,NA,NA,
MARIAN,Tatsumi,Tatsumi,Forereef,Mid,136.1279988,NA,Tatsumi,Tatsumi,Tatsumi,Tatsumi,Tatsumi,NOT,Tatsumi,Tatsumi,NA,NA,
MARIAN,Tinian,Tinian,Forereef,Deep,557.103082,2228,Tinian,Tinian,Tinian,Tinian,Tinian,SaTiAg,TIN,TIN,,OPEN,
MARIAN,Tinian,Tinian,Forereef,Mid,534.0549959,2136,Tinian,Tinian,Tinian,Tinian,Tinian,SaTiAg,TIN,TIN,,OPEN,
MARIAN,Tinian,Tinian,Forereef,Shallow,323.0482252,1292,Tinian,Tinian,Tinian,Tinian,Tinian,SaTiAg,TIN,TIN,,OPEN,
MHI,Hawaii,HAW_HAMAKUA,Forereef,Deep,1479.311358,5917,HAW_HAMAKUA,HAW_HAMAKUA,HAW_HAMAKUA,HAW_HAMAKUA,HAW_HAMAKUA,Hawaii,HAW_CM,HAW_CMHA,CM,OPEN,Not much hard/soft information
MHI,Hawaii,HAW_HAMAKUA,Forereef,Mid,2334.19033,9337,HAW_HAMAKUA,HAW_HAMAKUA,HAW_HAMAKUA,HAW_HAMAKUA,HAW_HAMAKUA,Hawaii,HAW_CM,HAW_CMHA,CM,OPEN,Not much hard/soft information
MHI,Hawaii,HAW_HAMAKUA,Forereef,Shallow,1117.329716,4469,HAW_HAMAKUA,HAW_HAMAKUA,HAW_HAMAKUA,HAW_HAMAKUA,HAW_HAMAKUA,Hawaii,HAW_CM,HAW_CMHA,CM,OPEN,Not much hard/soft information
MHI,Hawaii,HAW_KONA,Forereef,Deep,1546.877064,6188,HAW_KONA,HAW_KONA,HAW_KONA,HAW_KONA,HAW_KONA,Hawaii,HAW_CR,HAW_CRKO,CR,OPEN,
MHI,Hawaii,HAW_KONA,Forereef,Mid,2362.718917,9451,HAW_KONA,HAW_KONA,HAW_KONA,HAW_KONA,HAW_KONA,Hawaii,HAW_CR,HAW_CRKO,CR,OPEN,
MHI,Hawaii,HAW_KONA,Forereef,Shallow,1817.863584,7271,HAW_KONA,HAW_KONA,HAW_KONA,HAW_KONA,HAW_KONA,Hawaii,HAW_CR,HAW_CRKO,CR,OPEN,
MHI,Hawaii,HAW_PUNA,Forereef,Deep,1446.862405,5787,HAW_PUNA,HAW_PUNA,HAW_PUNA,HAW_PUNA,HAW_PUNA,Hawaii,HAW_CM,HAW_CMPU,CM,OPEN,
MHI,Hawaii,HAW_PUNA,Forereef,Mid,1603.885128,6416,HAW_PUNA,HAW_PUNA,HAW_PUNA,HAW_PUNA,HAW_PUNA,Hawaii,HAW_CM,HAW_CMPU,CM,OPEN,
MHI,Hawaii,HAW_PUNA,Forereef,Shallow,1012.92738,4052,HAW_PUNA,HAW_PUNA,HAW_PUNA,HAW_PUNA,HAW_PUNA,Hawaii,HAW_CM,HAW_CMPU,CM,OPEN,
MHI,Hawaii,HAW_SE,Forereef,Deep,593.4841055,2374,HAW_SE,HAW_SE,HAW_SE,HAW_SE,HAW_SE,Hawaii,HAW_CM,HAW_CMSE,CM,OPEN,
MHI,Hawaii,HAW_SE,Forereef,Mid,857.7582457,3431,HAW_SE,HAW_SE,HAW_SE,HAW_SE,HAW_SE,Hawaii,HAW_CM,HAW_CMSE,CM,OPEN,
MHI,Hawaii,HAW_SE,Forereef,Shallow,666.5433106,2666,HAW_SE,HAW_SE,HAW_SE,HAW_SE,HAW_SE,Hawaii,HAW_CM,HAW_CMSE,CM,OPEN,
MHI,Kahoolawe,KAH_NORTH,Forereef,Deep,200,811,KAH_NORTH,KAH_NORTH,KAH_NORTH,KAH_NORTH,KAH_NORTH,Maui-nui,KAH_CR,KAH_CRNO,CR,OPEN,Unkown Size .. Setting to 1/6 of our very rough ballpark estimate of habitat area. It seems low! Critical point for now is that all Kahoolawe sectors are eqaully sized
MHI,Kahoolawe,KAH_NORTH,Forereef,Mid,200,811,KAH_NORTH,KAH_NORTH,KAH_NORTH,KAH_NORTH,KAH_NORTH,Maui-nui,KAH_CR,KAH_CRNO,CR,OPEN,Unkown Size .. Setting to 1/6 of our very rough ballpark estimate of habitat area. It seems low! Critical point for now is that all Kahoolawe sectors are eqaully sized
MHI,Kahoolawe,KAH_NORTH,Forereef,Shallow,200,811,KAH_NORTH,KAH_NORTH,KAH_NORTH,KAH_NORTH,KAH_NORTH,Maui-nui,KAH_CR,KAH_CRNO,CR,OPEN,Unkown Size .. Setting to 1/6 of our very rough ballpark estimate of habitat area. It seems low! Critical point for now is that all Kahoolawe sectors are eqaully sized
MHI,Kahoolawe,KAH_SOUTH,Forereef,Deep,200,944,KAH_SOUTH,KAH_SOUTH,KAH_SOUTH,KAH_SOUTH,KAH_SOUTH,Maui-nui,KAH_CR,KAH_CRSO,CR,OPEN,Unkown Size .. Setting to 1/6 of our very rough ballpark estimate of habitat area. It seems low! Critical point for now is that all Kahoolawe sectors are eqaully sized
MHI,Kahoolawe,KAH_SOUTH,Forereef,Mid,200,944,KAH_SOUTH,KAH_SOUTH,KAH_SOUTH,KAH_SOUTH,KAH_SOUTH,Maui-nui,KAH_CR,KAH_CRSO,CR,OPEN,Unkown Size .. Setting to 1/6 of our very rough ballpark estimate of habitat area. It seems low! Critical point for now is that all Kahoolawe sectors are eqaully sized
MHI,Kahoolawe,KAH_SOUTH,Forereef,Shallow,200,944,KAH_SOUTH,KAH_SOUTH,KAH_SOUTH,KAH_SOUTH,KAH_SOUTH,Maui-nui,KAH_CR,KAH_CRSO,CR,OPEN,Unkown Size .. Setting to 1/6 of our very rough ballpark estimate of habitat area. It seems low! Critical point for now is that all Kahoolawe sectors are eqaully sized
MHI,Kauai,KAU_EAST,Forereef,Deep,2891.111917,11564,KAU_EAST,KAU_EAST,KAU_EAST,KAU_EAST,KAU_EAST,Kaa-Nii,KAU_SI,KAU_SIEA,SI,OPEN,
MHI,Kauai,KAU_EAST,Forereef,Mid,5602.631417,22411,KAU_EAST,KAU_EAST,KAU_EAST,KAU_EAST,KAU_EAST,Kaa-Nii,KAU_SI,KAU_SIEA,SI,OPEN,
MHI,Kauai,KAU_EAST,Forereef,Shallow,3051.65048,12207,KAU_EAST,KAU_EAST,KAU_EAST,KAU_EAST,KAU_EAST,Kaa-Nii,KAU_SI,KAU_SIEA,SI,OPEN,
MHI,Kauai,KAU_NAPALI,Forereef,Deep,4307.948554,17232,KAU_NAPALI,KAU_NAPALI,KAU_NAPALI,KAU_NAPALI,KAU_NAPALI,Kaa-Nii,KAU_SI,KAU_SINA,SI,OPEN,
MHI,Kauai,KAU_NAPALI,Forereef,Mid,1876.001023,7504,KAU_NAPALI,KAU_NAPALI,KAU_NAPALI,KAU_NAPALI,KAU_NAPALI,Kaa-Nii,KAU_SI,KAU_SINA,SI,OPEN,
MHI,Kauai,KAU_NAPALI,Forereef,Shallow,397.7237848,1591,KAU_NAPALI,KAU_NAPALI,KAU_NAPALI,KAU_NAPALI,KAU_NAPALI,Kaa-Nii,KAU_SI,KAU_SINA,SI,OPEN,
MHI,Kaula,KAL_KAULA,Forereef,Deep,277.0347708,1108,KAL_KAULA,KAL_KAULA,KAL_KAULA,KAL_KAULA,KAL_KAULA,Kaa-Nii,KAL_SI,KAL_SIAL,SI,OPEN,
MHI,Kaula,KAL_KAULA,Forereef,Mid,50.28867577,201,KAL_KAULA,KAL_KAULA,KAL_KAULA,KAL_KAULA,KAL_KAULA,Kaa-Nii,KAL_SI,KAL_SIAL,SI,OPEN,
MHI,Kaula,KAL_KAULA,Forereef,Shallow,18.50064904,74,KAL_KAULA,KAL_KAULA,KAL_KAULA,KAL_KAULA,KAL_KAULA,Kaa-Nii,KAL_SI,KAL_SIAL,SI,OPEN,
MHI,Lanai,LAN_NORTH,Forereef,Deep,291.3020737,1165,LAN_NORTH,LAN_NORTH,LAN_NORTH,LAN_NORTH,LAN_NORTH,Maui-nui,LAN_CR,LAN_CRNO,CR,OPEN,
MHI,Lanai,LAN_NORTH,Forereef,Mid,599.9003844,2400,LAN_NORTH,LAN_NORTH,LAN_NORTH,LAN_NORTH,LAN_NORTH,Maui-nui,LAN_CR,LAN_CRNO,CR,OPEN,
MHI,Lanai,LAN_NORTH,Forereef,Shallow,631.8075072,2527,LAN_NORTH,LAN_NORTH,LAN_NORTH,LAN_NORTH,LAN_NORTH,Maui-nui,LAN_CR,LAN_CRNO,CR,OPEN,
MHI,Lanai,LAN_SOUTH,Forereef,Deep,246.6043512,986,LAN_SOUTH,LAN_SOUTH,LAN_SOUTH,LAN_SOUTH,LAN_SOUTH,Maui-nui,LAN_CM,LAN_CMSO,CM,OPEN,
MHI,Lanai,LAN_SOUTH,Forereef,Mid,487.9877445,1952,LAN_SOUTH,LAN_SOUTH,LAN_SOUTH,LAN_SOUTH,LAN_SOUTH,Maui-nui,LAN_CM,LAN_CMSO,CM,OPEN,
MHI,Lanai,LAN_SOUTH,Forereef,Shallow,746.0718328,2984,LAN_SOUTH,LAN_SOUTH,LAN_SOUTH,LAN_SOUTH,LAN_SOUTH,Maui-nui,LAN_CM,LAN_CMSO,CM,OPEN,
MHI,Maui,MAI_HANA,Forereef,Deep,225.5929875,902,MAI_HANA,MAI_HANA,MAI_HANA,MAI_HANA,MAI_HANA,Maui-nui,MAI_CM,MAI_CMHA,CM,OPEN,
MHI,Maui,MAI_HANA,Forereef,Mid,258.3916816,1034,MAI_HANA,MAI_HANA,MAI_HANA,MAI_HANA,MAI_HANA,Maui-nui,MAI_CM,MAI_CMHA,CM,OPEN,
MHI,Maui,MAI_HANA,Forereef,Shallow,190.0864145,760,MAI_HANA,MAI_HANA,MAI_HANA,MAI_HANA,MAI_HANA,Maui-nui,MAI_CM,MAI_CMHA,CM,OPEN,
MHI,Maui,MAI_KAHULUI,Forereef,Deep,438.345922,1753,MAI_KAHULUI,MAI_KAHULUI,MAI_KAHULUI,MAI_KAHULUI,MAI_KAHULUI,Maui-nui,MAI_CM,MAI_CMKA,CM,OPEN,
MHI,Maui,MAI_KAHULUI,Forereef,Mid,850.0936376,3400,MAI_KAHULUI,MAI_KAHULUI,MAI_KAHULUI,MAI_KAHULUI,MAI_KAHULUI,Maui-nui,MAI_CM,MAI_CMKA,CM,OPEN,
MHI,Maui,MAI_KAHULUI,Forereef,Shallow,1099.201993,4397,MAI_KAHULUI,MAI_KAHULUI,MAI_KAHULUI,MAI_KAHULUI,MAI_KAHULUI,Maui-nui,MAI_CM,MAI_CMKA,CM,OPEN,
MHI,Maui,MAI_KIHEI,Forereef,Deep,537.9614588,2152,MAI_KIHEI,MAI_KIHEI,MAI_KIHEI,MAI_KIHEI,MAI_KIHEI,Maui-nui,MAI_CM,MAI_CMKI,CM,OPEN,
MHI,Maui,MAI_KIHEI,Forereef,Mid,682.5282166,2730,MAI_KIHEI,MAI_KIHEI,MAI_KIHEI,MAI_KIHEI,MAI_KIHEI,Maui-nui,MAI_CM,MAI_CMKI,CM,OPEN,
MHI,Maui,MAI_KIHEI,Forereef,Shallow,650.0680159,2600,MAI_KIHEI,MAI_KIHEI,MAI_KIHEI,MAI_KIHEI,MAI_KIHEI,Maui-nui,MAI_CM,MAI_CMKI,CM,OPEN,
MHI,Maui,MAI_LAHAINA,Forereef,Deep,287.1615845,1149,MAI_LAHAINA,MAI_LAHAINA,MAI_LAHAINA,MAI_LAHAINA,MAI_LAHAINA,Maui-nui,MAI_SI,MAI_SILA,SI,OPEN,
MHI,Maui,MAI_LAHAINA,Forereef,Mid,483.9295632,1936,MAI_LAHAINA,MAI_LAHAINA,MAI_LAHAINA,MAI_LAHAINA,MAI_LAHAINA,Maui-nui,MAI_SI,MAI_SILA,SI,OPEN,
MHI,Maui,MAI_LAHAINA,Forereef,Shallow,439.3470347,1757,MAI_LAHAINA,MAI_LAHAINA,MAI_LAHAINA,MAI_LAHAINA,MAI_LAHAINA,Maui-nui,MAI_SI,MAI_SILA,SI,OPEN,
MHI,Maui,MAI_MOLOKINI,Forereef,Deep,6.25,NA,MAI_MOLOKINI,MAI_MOLOKINI,MAI_MOLOKINI,MAI_MOLOKINI,MAI_MOLOKINI,Maui-nui,MAI_CR,MAI_CRMO,CR,OPEN,"Assume is 25ha, assume 50% is mid, split rest equally"
MHI,Maui,MAI_MOLOKINI,Forereef,Mid,12.5,NA,MAI_MOLOKINI,MAI_MOLOKINI,MAI_MOLOKINI,MAI_MOLOKINI,MAI_MOLOKINI,Maui-nui,MAI_CR,MAI_CRMO,CR,OPEN,"Assume is 25ha, assume 50% is mid, split rest equally"
MHI,Maui,MAI_MOLOKINI,Forereef,Shallow,6.25,NA,MAI_MOLOKINI,MAI_MOLOKINI,MAI_MOLOKINI,MAI_MOLOKINI,MAI_MOLOKINI,Maui-nui,MAI_CR,MAI_CRMO,CR,OPEN,"Assume is 25ha, assume 50% is mid, split rest equally"
MHI,Maui,MAI_NE,Forereef,Deep,883.3579854,3533,MAI_NE,MAI_NE,MAI_NE,MAI_NE,MAI_NE,Maui-nui,MAI_CM,MAI_CMNE,CM,OPEN,
MHI,Maui,MAI_NE,Forereef,Mid,926.711758,3707,MAI_NE,MAI_NE,MAI_NE,MAI_NE,MAI_NE,Maui-nui,MAI_CM,MAI_CMNE,CM,OPEN,
MHI,Maui,MAI_NE,Forereef,Shallow,481.2408332,1925,MAI_NE,MAI_NE,MAI_NE,MAI_NE,MAI_NE,Maui-nui,MAI_CM,MAI_CMNE,CM,OPEN,
MHI,Maui,MAI_NW,Forereef,Deep,315.7175228,1263,MAI_NW,MAI_NW,MAI_NW,MAI_NW,MAI_NW,Maui-nui,MAI_CM,MAI_CMNW,CM,OPEN,
MHI,Maui,MAI_NW,Forereef,Mid,287.74445,1151,MAI_NW,MAI_NW,MAI_NW,MAI_NW,MAI_NW,Maui-nui,MAI_CM,MAI_CMNW,CM,OPEN,
MHI,Maui,MAI_NW,Forereef,Shallow,176.1167662,704,MAI_NW,MAI_NW,MAI_NW,MAI_NW,MAI_NW,Maui-nui,MAI_CM,MAI_CMNW,CM,OPEN,
MHI,Maui,MAI_SE,Forereef,Deep,788.37286,3153,MAI_SE,MAI_SE,MAI_SE,MAI_SE,MAI_SE,Maui-nui,MAI_CM,MAI_CMSE,CM,OPEN,
MHI,Maui,MAI_SE,Forereef,Mid,690.2023226,2761,MAI_SE,MAI_SE,MAI_SE,MAI_SE,MAI_SE,Maui-nui,MAI_CM,MAI_CMSE,CM,OPEN,
MHI,Maui,MAI_SE,Forereef,Shallow,405.0121276,1620,MAI_SE,MAI_SE,MAI_SE,MAI_SE,MAI_SE,Maui-nui,MAI_CM,MAI_CMSE,CM,OPEN,
MHI,Molokai,MOL_NW,Forereef,Deep,733.1293957,2933,MOL_NW,MOL_NW,MOL_NW,MOL_NW,MOL_NW,Maui-nui,MOL_SI,MOL_SINW,SI,OPEN,
MHI,Molokai,MOL_NW,Forereef,Mid,601.1779629,2405,MOL_NW,MOL_NW,MOL_NW,MOL_NW,MOL_NW,Maui-nui,MOL_SI,MOL_SINW,SI,OPEN,
MHI,Molokai,MOL_NW,Forereef,Shallow,501.1542337,2005,MOL_NW,MOL_NW,MOL_NW,MOL_NW,MOL_NW,Maui-nui,MOL_SI,MOL_SINW,SI,OPEN,
MHI,Molokai,MOL_PALI,Forereef,Deep,634.0842128,2536,MOL_PALI,MOL_PALI,MOL_PALI,MOL_PALI,MOL_PALI,Maui-nui,MOL_CM,MOL_CMPA,CM,OPEN,
MHI,Molokai,MOL_PALI,Forereef,Mid,467.9624676,1872,MOL_PALI,MOL_PALI,MOL_PALI,MOL_PALI,MOL_PALI,Maui-nui,MOL_CM,MOL_CMPA,CM,OPEN,
MHI,Molokai,MOL_PALI,Forereef,Shallow,516.2585992,2065,MOL_PALI,MOL_PALI,MOL_PALI,MOL_PALI,MOL_PALI,Maui-nui,MOL_CM,MOL_CMPA,CM,OPEN,
MHI,Molokai,MOL_SOUTH,Forereef,Deep,603.9775235,2416,MOL_SOUTH,MOL_SOUTH,MOL_SOUTH,MOL_SOUTH,MOL_SOUTH,Maui-nui,MOL_CR,MOL_CRSO,CR,OPEN,
MHI,Molokai,MOL_SOUTH,Forereef,Mid,1293.344283,5173,MOL_SOUTH,MOL_SOUTH,MOL_SOUTH,MOL_SOUTH,MOL_SOUTH,Maui-nui,MOL_CR,MOL_CRSO,CR,OPEN,
MHI,Molokai,MOL_SOUTH,Forereef,Shallow,4232.003508,16928,MOL_SOUTH,MOL_SOUTH,MOL_SOUTH,MOL_SOUTH,MOL_SOUTH,Maui-nui,MOL_CR,MOL_CRSO,CR,OPEN,
MHI,Molokai,MOL_WEST,Forereef,Deep,1384.213479,5537,MOL_WEST,MOL_WEST,MOL_WEST,MOL_WEST,MOL_WEST,Maui-nui,MOL_SI,MOL_SIWE,SI,OPEN,
MHI,Molokai,MOL_WEST,Forereef,Mid,1250.749123,5003,MOL_WEST,MOL_WEST,MOL_WEST,MOL_WEST,MOL_WEST,Maui-nui,MOL_SI,MOL_SIWE,SI,OPEN,
MHI,Molokai,MOL_WEST,Forereef,Shallow,512.2388267,2049,MOL_WEST,MOL_WEST,MOL_WEST,MOL_WEST,MOL_WEST,Maui-nui,MOL_SI,MOL_SIWE,SI,OPEN,
MHI,Niihau,NII_EAST,Forereef,Deep,1027.496786,4110,NII_EAST,NII_EAST,NII_EAST,NII_EAST,NII_EAST,Kaa-Nii,NII_SI,NII_SIEA,SI,OPEN,
MHI,Niihau,NII_EAST,Forereef,Mid,1137.990268,4552,NII_EAST,NII_EAST,NII_EAST,NII_EAST,NII_EAST,Kaa-Nii,NII_SI,NII_SIEA,SI,OPEN,
MHI,Niihau,NII_EAST,Forereef,Shallow,613.9646175,2456,NII_EAST,NII_EAST,NII_EAST,NII_EAST,NII_EAST,Kaa-Nii,NII_SI,NII_SIEA,SI,OPEN,
MHI,Niihau,NII_LEHUA,Forereef,Deep,263,1052,NII_LEHUA,NII_LEHUA,NII_LEHUA,NII_LEHUA,NII_LEHUA,Kaa-Nii,NII_CM,NII_CMLE,CM,OPEN,
MHI,Niihau,NII_LEHUA,Forereef,Mid,487.75,1951,NII_LEHUA,NII_LEHUA,NII_LEHUA,NII_LEHUA,NII_LEHUA,Kaa-Nii,NII_CM,NII_CMLE,CM,OPEN,
MHI,Niihau,NII_LEHUA,Forereef,Shallow,354.75,1419,NII_LEHUA,NII_LEHUA,NII_LEHUA,NII_LEHUA,NII_LEHUA,Kaa-Nii,NII_CM,NII_CMLE,CM,OPEN,
MHI,Niihau,NII_WEST,Forereef,Deep,1468.465202,5874,NII_WEST,NII_WEST,NII_WEST,NII_WEST,NII_WEST,Kaa-Nii,NII_SI,NII_SIWE,SI,OPEN,
MHI,Niihau,NII_WEST,Forereef,Mid,2992.988492,11972,NII_WEST,NII_WEST,NII_WEST,NII_WEST,NII_WEST,Kaa-Nii,NII_SI,NII_SIWE,SI,OPEN,
MHI,Niihau,NII_WEST,Forereef,Shallow,919.395945,3678,NII_WEST,NII_WEST,NII_WEST,NII_WEST,NII_WEST,Kaa-Nii,NII_SI,NII_SIWE,SI,OPEN,
MHI,Oahu,OAH_EAST,Forereef,Deep,978.9371021,3916,OAH_EAST,OAH_EAST,OAH_EAST,OAH_EAST,OAH_EAST,Oahu,OAH_CM,OAH_CMEA,SI,OPEN,
MHI,Oahu,OAH_EAST,Forereef,Mid,1848.277607,7393,OAH_EAST,OAH_EAST,OAH_EAST,OAH_EAST,OAH_EAST,Oahu,OAH_CM,OAH_CMEA,SI,OPEN,
MHI,Oahu,OAH_EAST,Forereef,Shallow,1541.871579,6167,OAH_EAST,OAH_EAST,OAH_EAST,OAH_EAST,OAH_EAST,Oahu,OAH_CM,OAH_CMEA,SI,OPEN,
MHI,Oahu,OAH_KAENA,Forereef,Deep,673.0399306,2692,OAH_KAENA,OAH_KAENA,OAH_KAENA,OAH_KAENA,OAH_KAENA,Oahu,OAH_CM,OAH_CMKA,SI,OPEN,
MHI,Oahu,OAH_KAENA,Forereef,Mid,632.1302084,2529,OAH_KAENA,OAH_KAENA,OAH_KAENA,OAH_KAENA,OAH_KAENA,Oahu,OAH_CM,OAH_CMKA,SI,OPEN,
MHI,Oahu,OAH_KAENA,Forereef,Shallow,343.0090114,1372,OAH_KAENA,OAH_KAENA,OAH_KAENA,OAH_KAENA,OAH_KAENA,Oahu,OAH_CM,OAH_CMKA,SI,OPEN,
MHI,Oahu,OAH_NE,Forereef,Deep,605.4764457,2422,OAH_NE,OAH_NE,OAH_NE,OAH_NE,OAH_NE,Oahu,OAH_SI,OAH_SINE,SI,OPEN,
MHI,Oahu,OAH_NE,Forereef,Mid,3213.604407,12854,OAH_NE,OAH_NE,OAH_NE,OAH_NE,OAH_NE,Oahu,OAH_SI,OAH_SINE,SI,OPEN,
MHI,Oahu,OAH_NE,Forereef,Shallow,3680.967178,14724,OAH_NE,OAH_NE,OAH_NE,OAH_NE,OAH_NE,Oahu,OAH_SI,OAH_SINE,SI,OPEN,
MHI,Oahu,OAH_NORTH,Forereef,Deep,556.2921428,2225,OAH_NORTH,OAH_NORTH,OAH_NORTH,OAH_NORTH,OAH_NORTH,Oahu,OAH_SI,OAH_SINO,SI,OPEN,
MHI,Oahu,OAH_NORTH,Forereef,Mid,1146.80066,4587,OAH_NORTH,OAH_NORTH,OAH_NORTH,OAH_NORTH,OAH_NORTH,Oahu,OAH_SI,OAH_SINO,SI,OPEN,
MHI,Oahu,OAH_NORTH,Forereef,Shallow,856.7078885,3427,OAH_NORTH,OAH_NORTH,OAH_NORTH,OAH_NORTH,OAH_NORTH,Oahu,OAH_SI,OAH_SINO,SI,OPEN,
MHI,Oahu,OAH_SOUTH,Forereef,Deep,1457.29677,5829,OAH_SOUTH,OAH_SOUTH,OAH_SOUTH,OAH_SOUTH,OAH_SOUTH,Oahu,OAH_SI,OAH_SISO,SI,OPEN,
MHI,Oahu,OAH_SOUTH,Forereef,Mid,3926.206706,15705,OAH_SOUTH,OAH_SOUTH,OAH_SOUTH,OAH_SOUTH,OAH_SOUTH,Oahu,OAH_SI,OAH_SISO,SI,OPEN,
MHI,Oahu,OAH_SOUTH,Forereef,Shallow,3658.205214,14633,OAH_SOUTH,OAH_SOUTH,OAH_SOUTH,OAH_SOUTH,OAH_SOUTH,Oahu,OAH_SI,OAH_SISO,SI,OPEN,
NWHI,French Frigate,French Frigate,Backreef,Mid,34.72195894,35,NA,NA,NA,NA,NA,NA,FFS,FFS,,PMNM,NA
NWHI,French Frigate,French Frigate,Backreef,Shallow,634.7314361,635,NA,NA,NA,NA,NA,NA,FFS,FFS,,PMNM,NA
NWHI,French Frigate,French Frigate,Lagoon,Deep,5056.025627,5056,NA,NA,NA,NA,NA,NA,FFS,FFS,,PMNM,NA
NWHI,Kure,Kure,Backreef,Mid,0.694431419,1,NA,NA,NA,NA,NA,NA,KUR,KUR,,PMNM,NA
NWHI,Kure,Kure,Backreef,Shallow,312.5339812,313,NA,NA,NA,NA,NA,NA,KUR,KUR,,PMNM,NA
NWHI,Maro,Maro,Backreef,Deep,4466.87792,4467,NA,NA,NA,NA,NA,NA,MAR,MAR,,PMNM,NA
NWHI,Maro,Maro,Backreef,Mid,3728.607834,3729,NA,NA,NA,NA,NA,NA,MAR,MAR,,PMNM,NA
NWHI,Midway,Midway,Backreef,Deep,0.009372889,0,NA,NA,NA,NA,NA,NA,MID,MID,,PMNM,NA
NWHI,Midway,Midway,Backreef,Mid,4.95344021,5,NA,NA,NA,NA,NA,NA,MID,MID,,PMNM,NA
NWHI,Midway,Midway,Backreef,Shallow,409.997152,410,NA,NA,NA,NA,NA,NA,MID,MID,,PMNM,NA
NWHI,Pearl & Hermes,Pearl & Hermes,Backreef,Mid,48.85735714,49,NA,NA,NA,NA,NA,NA,PHR,PHR,,PMNM,NA
NWHI,Pearl & Hermes,Pearl & Hermes,Backreef,Shallow,1422.620999,1423,NA,NA,NA,NA,NA,NA,PHR,PHR,,PMNM,NA
SAMOA,Tutuila,TUT_AUNUU_A,Forereef,Deep,79.25,317,NA,NA,NA,NA,NA,NA,TUT_NE,TUT_NE,,AUNA,NA
SAMOA,Tutuila,TUT_AUNUU_A,Forereef,Mid,151.55944,606,NA,NA,NA,NA,NA,NA,TUT_NE,TUT_NE,,AUNA,NA
SAMOA,Tutuila,TUT_AUNUU_A,Forereef,Shallow,22.626828,91,NA,NA,NA,NA,NA,NA,TUT_NE,TUT_NE,,AUNA,NA
SAMOA,Tutuila,TUT_FAGALUA,Forereef,Deep,7.729803,31,NA,NA,NA,NA,NA,NA,TUT_SW,TUT_SW,,FAGL,NA
SAMOA,Tutuila,TUT_FAGALUA,Forereef,Mid,27.717142,111,NA,NA,NA,NA,NA,NA,TUT_SW,TUT_SW,,FAGL,NA
SAMOA,Tutuila,TUT_FAGALUA,Forereef,Shallow,6.628024,27,NA,NA,NA,NA,NA,NA,TUT_SW,TUT_SW,,FAGL,NA
NWHI,Brooks,Brooks,Forereef,Deep,66.21195617,66,Brooks,Brooks,Brooks,Brooks,Brooks,NWHI_NOT_NCRMP,Brooks,Brooks,,BANK,
NWHI,French Frigate,French Frigate,Backreef,All,1135.69,NA,French Frigate,French Frigate,French Frigate,French Frigate,French Frigate,NWHI,FFS,FFS,NA,NA,
NWHI,French Frigate,French Frigate,Forereef,Deep,247.22,3237,French Frigate,French Frigate,French Frigate,French Frigate,French Frigate,NWHI,FFS,FFS,,PMNM,
NWHI,French Frigate,French Frigate,Forereef,Mid,4498.01,4787,French Frigate,French Frigate,French Frigate,French Frigate,French Frigate,NWHI,FFS,FFS,,PMNM,
NWHI,French Frigate,French Frigate,Forereef,Shallow,652.92,849,French Frigate,French Frigate,French Frigate,French Frigate,French Frigate,NWHI,FFS,FFS,,PMNM,
NWHI,French Frigate,French Frigate,Lagoon,Mid,7827.37,11060,French Frigate,French Frigate,French Frigate,French Frigate,French Frigate,NWHI,FFS,FFS,,PMNM,
NWHI,French Frigate,French Frigate,Lagoon,Shallow,1900.78,2139,French Frigate,French Frigate,French Frigate,French Frigate,French Frigate,NWHI,FFS,FFS,,PMNM,
NWHI,French Frigate,French Frigate,Protected Slope,Deep,8082.28,NA,French Frigate,French Frigate,French Frigate,French Frigate,French Frigate,NWHI,FFS,FFS,NA,NA,
NWHI,French Frigate,French Frigate,Protected Slope,Mid,3420.42,NA,French Frigate,French Frigate,French Frigate,French Frigate,French Frigate,NWHI,FFS,FFS,NA,NA,
NWHI,French Frigate,French Frigate,Protected Slope,Shallow,1,NA,French Frigate,French Frigate,French Frigate,French Frigate,French Frigate,NWHI,FFS,FFS,NA,NA,We have 2 sites now called Protected Slope Shallow. They possibly should be Lagoon or something else.. But we do need a sector value for now
NWHI,Gardner,Gardner,Forereef,Deep,28559.86045,28560,Gardner,Gardner,Gardner,Gardner,Gardner,NWHI_NOT_NCRMP,GAR,GAR,,PMNM,"Virtually no bathymetry, huge uncertainty, assuming 90% of roughly estimates bottom is in deep forereef"
NWHI,Gardner,Gardner,Forereef,Mid,1586.658914,1587,Gardner,Gardner,Gardner,Gardner,Gardner,NWHI_NOT_NCRMP,GAR,GAR,,PMNM,"Virtually no bathymetry, huge uncertainty, assuming 90% of roughly estimates bottom is in deep forereef"
NWHI,Gardner,Gardner,Forereef,Shallow,1586.658914,1587,Gardner,Gardner,Gardner,Gardner,Gardner,NWHI_NOT_NCRMP,GAR,GAR,,PMNM,"Virtually no bathymetry, huge uncertainty, assuming 90% of roughly estimates bottom is in deep forereef"
NWHI,Kure,Kure,Backreef,All,313.2284126,NA,Kure,Kure,Kure,Kure,Kure,NWHI,KUR,KUR,NA,NA,
NWHI,Kure,Kure,Forereef,Deep,1122.511521,1123,Kure,Kure,Kure,Kure,Kure,NWHI,KUR,KUR,,PMNM,
NWHI,Kure,Kure,Forereef,Mid,1096.142722,1096,Kure,Kure,Kure,Kure,Kure,NWHI,KUR,KUR,,PMNM,
NWHI,Kure,Kure,Forereef,Shallow,219.8318451,220,Kure,Kure,Kure,Kure,Kure,NWHI,KUR,KUR,,PMNM,
NWHI,Kure,Kure,Lagoon,Mid,146.065072,146,Kure,Kure,Kure,Kure,Kure,NWHI,KUR,KUR,,PMNM,
NWHI,Kure,Kure,Lagoon,Shallow,801.5929159,802,Kure,Kure,Kure,Kure,Kure,NWHI,KUR,KUR,,PMNM,
NWHI,Laysan,Laysan,Forereef,Deep,1763.688407,1764,Laysan,Laysan,Laysan,Laysan,Laysan,NWHI,LAY,LAY,,PMNM,"Very rough guess, many many estimations"
NWHI,Laysan,Laysan,Forereef,Mid,1435.923054,1436,Laysan,Laysan,Laysan,Laysan,Laysan,NWHI,LAY,LAY,,PMNM,"Very rough guess, many many estimations"
NWHI,Laysan,Laysan,Forereef,Shallow,200,200,Laysan,Laysan,Laysan,Laysan,Laysan,NWHI,LAY,LAY,,PMNM,"Very rough guess, many many estimations"
NWHI,Lisianski,Lisianski,Forereef,Deep,14059.07869,14059,Lisianski,Lisianski,Lisianski,Lisianski,Lisianski,NWHI,LIS,LIS,,PMNM,Major unknowns in maps - habitat and bathymetry ..lots of guesstimation .. Potential to be VERY wrong
NWHI,Lisianski,Lisianski,Forereef,Mid,11054.46672,11054,Lisianski,Lisianski,Lisianski,Lisianski,Lisianski,NWHI,LIS,LIS,,PMNM,Major unknowns in maps - habitat and bathymetry ..lots of guesstimation .. Potential to be VERY wrong
NWHI,Lisianski,Lisianski,Forereef,Shallow,5841.383859,5841,Lisianski,Lisianski,Lisianski,Lisianski,Lisianski,NWHI,LIS,LIS,,PMNM,Major unknowns in maps - habitat and bathymetry ..lots of guesstimation .. Potential to be VERY wrong
NWHI,Maro,Maro,Backreef,All,8195.485754,NA,Maro,Maro,Maro,Maro,Maro,NWHI,MAR,MAR,NA,NA,
NWHI,Maro,Maro,Forereef,Deep,5403.476117,5403,Maro,Maro,Maro,Maro,Maro,NWHI,MAR,MAR,,PMNM,
NWHI,Maro,Maro,Forereef,Mid,14308.88263,14309,Maro,Maro,Maro,Maro,Maro,NWHI,MAR,MAR,,PMNM,
NWHI,Maro,Maro,Forereef,Shallow,5894.320658,5894,Maro,Maro,Maro,Maro,Maro,NWHI,MAR,MAR,,PMNM,
NWHI,Maro,Maro,Lagoon,Mid,207.821398,208,Maro,Maro,Maro,Maro,Maro,NWHI,MAR,MAR,,PMNM,
NWHI,Maro,Maro,Lagoon,Shallow,182.6414462,183,Maro,Maro,Maro,Maro,Maro,NWHI,MAR,MAR,,PMNM,
NWHI,Midway,Midway,Backreef,All,414.9599651,NA,Midway,Midway,Midway,Midway,Midway,NWHI,MID,MID,NA,NA,
NWHI,Midway,Midway,Forereef,Deep,1566.839533,1567,Midway,Midway,Midway,Midway,Midway,NWHI,MID,MID,,PMNM,
NWHI,Midway,Midway,Forereef,Mid,1472.589454,1473,Midway,Midway,Midway,Midway,Midway,NWHI,MID,MID,,PMNM,
NWHI,Midway,Midway,Forereef,Shallow,254.2145327,254,Midway,Midway,Midway,Midway,Midway,NWHI,MID,MID,,PMNM,
NWHI,Midway,Midway,Lagoon,Deep,0.005735694,0,Midway,Midway,Midway,Midway,Midway,NWHI,MID,MID,,PMNM,
NWHI,Midway,Midway,Lagoon,Mid,396.1011223,396,Midway,Midway,Midway,Midway,Midway,NWHI,MID,MID,,PMNM,
NWHI,Midway,Midway,Lagoon,Shallow,890.879595,891,Midway,Midway,Midway,Midway,Midway,NWHI,MID,MID,,PMNM,
NWHI,Necker,Necker,Forereef,Deep,491.2692997,491,Necker,Necker,Necker,Necker,Necker,NWHI_NOT_NCRMP,NEC,NEC,,PMNM,
NWHI,Necker,Necker,Forereef,Mid,136.8155079,137,Necker,Necker,Necker,Necker,Necker,NWHI_NOT_NCRMP,NEC,NEC,,PMNM,
NWHI,Necker,Necker,Forereef,Shallow,8.536971662,9,Necker,Necker,Necker,Necker,Necker,NWHI_NOT_NCRMP,NEC,NEC,,PMNM,
NWHI,Nihoa,Nihoa,Forereef,Deep,351.5016844,352,Nihoa,Nihoa,Nihoa,Nihoa,Nihoa,NWHI_NOT_NCRMP,NIH,NIH,,PMNM,Gaps in bathymetry
NWHI,Nihoa,Nihoa,Forereef,Mid,52.68378472,53,Nihoa,Nihoa,Nihoa,Nihoa,Nihoa,NWHI_NOT_NCRMP,NIH,NIH,,PMNM,Gaps in bathymetry
NWHI,Nihoa,Nihoa,Forereef,Shallow,5.680626717,6,Nihoa,Nihoa,Nihoa,Nihoa,Nihoa,NWHI_NOT_NCRMP,NIH,NIH,,PMNM,Gaps in bathymetry
NWHI,Pearl & Hermes,Pearl & Hermes,Backreef,All,1471.478356,NA,Pearl & Hermes,Pearl & Hermes,Pearl & Hermes,Pearl & Hermes,Pearl & Hermes,NWHI,PHR,PHR,NA,NA,
NWHI,Pearl & Hermes,Pearl & Hermes,Forereef,Deep,2427.794421,2428,Pearl & Hermes,Pearl & Hermes,Pearl & Hermes,Pearl & Hermes,Pearl & Hermes,NWHI,PHR,PHR,,PMNM,
NWHI,Pearl & Hermes,Pearl & Hermes,Forereef,Mid,5454.131479,5454,Pearl & Hermes,Pearl & Hermes,Pearl & Hermes,Pearl & Hermes,Pearl & Hermes,NWHI,PHR,PHR,,PMNM,
NWHI,Pearl & Hermes,Pearl & Hermes,Forereef,Shallow,615.6033439,616,Pearl & Hermes,Pearl & Hermes,Pearl & Hermes,Pearl & Hermes,Pearl & Hermes,NWHI,PHR,PHR,,PMNM,
NWHI,Pearl & Hermes,Pearl & Hermes,Lagoon,Mid,2681.950925,2682,Pearl & Hermes,Pearl & Hermes,Pearl & Hermes,Pearl & Hermes,Pearl & Hermes,NWHI,PHR,PHR,,PMNM,
NWHI,Pearl & Hermes,Pearl & Hermes,Lagoon,Shallow,5161.106161,5161,Pearl & Hermes,Pearl & Hermes,Pearl & Hermes,Pearl & Hermes,Pearl & Hermes,NWHI,PHR,PHR,,PMNM,
NWHI,Pioneer,Pioneer,Forereef,Deep,5.320384168,5,Pioneer,Pioneer,Pioneer,Pioneer,Pioneer,NWHI_NOT_NCRMP,Pioneer,Pioneer,,BANK,
NWHI,Raita,Raita,Forereef,Deep,3118.12,3118,Raita,Raita,Raita,Raita,Raita,NWHI_NOT_NCRMP,Raita,Raita,,BANK,
NWHI,Raita,Raita,Forereef,Mid,335.75,336,Raita,Raita,Raita,Raita,Raita,NWHI_NOT_NCRMP,Raita,Raita,,BANK,
NWHI,StRogatine,StRogatine,Forereef,Deep,1726.935,1727,StRogatine,StRogatine,StRogatine,StRogatine,StRogatine,NWHI_NOT_NCRMP,StRogatine,StRogatine,,BANK,
PRIAs,Baker,Baker,Forereef,Deep,60.02154356,240,Baker,Baker,Baker,Baker,Baker,How_Bak,BAK,BAK,,PRIMNM,
PRIAs,Baker,Baker,Forereef,Mid,118.6325616,475,Baker,Baker,Baker,Baker,Baker,How_Bak,BAK,BAK,,PRIMNM,
PRIAs,Baker,Baker,Forereef,Shallow,211.6216964,846,Baker,Baker,Baker,Baker,Baker,How_Bak,BAK,BAK,,PRIMNM,
PRIAs,Howland,Howland,Forereef,Deep,18.78664183,75,Howland,Howland,Howland,Howland,Howland,How_Bak,HOW,HOW,,PRIMNM,
PRIAs,Howland,Howland,Forereef,Mid,40.21083959,161,Howland,Howland,Howland,Howland,Howland,How_Bak,HOW,HOW,,PRIMNM,
PRIAs,Howland,Howland,Forereef,Shallow,113.8553854,455,Howland,Howland,Howland,Howland,Howland,How_Bak,HOW,HOW,,PRIMNM,
PRIAs,Jarvis,Jarvis,Forereef,Deep,19.64306398,79,Jarvis,Jarvis,Jarvis,Jarvis,Jarvis,Jarvis,JAR,JAR,,PRIMNM,
PRIAs,Jarvis,Jarvis,Forereef,Mid,191.1130626,764,Jarvis,Jarvis,Jarvis,Jarvis,Jarvis,Jarvis,JAR,JAR,,PRIMNM,
PRIAs,Jarvis,Jarvis,Forereef,Shallow,155.1495257,621,Jarvis,Jarvis,Jarvis,Jarvis,Jarvis,Jarvis,JAR,JAR,,PRIMNM,
PRIAs,Johnston,Johnston,Backreef,Mid,24.08,96,Johnston,Johnston,Johnston,Johnston,Johnston,Johnston,JOH,JOH,,PRIMNM,Assumes 80% hard - should pool this very small amout of mid with shallow
PRIAs,Johnston,Johnston,Backreef,Shallow,333.2,1333,Johnston,Johnston,Johnston,Johnston,Johnston,Johnston,JOH,JOH,,PRIMNM,Assumes 80% hard
PRIAs,Johnston,Johnston,Forereef,Deep,107.38,430,Johnston,Johnston,Johnston,Johnston,Johnston,Johnston,JOH,JOH,,PRIMNM,Assumes 98% hardbottom
PRIAs,Johnston,Johnston,Forereef,Mid,242.05,968,Johnston,Johnston,Johnston,Johnston,Johnston,Johnston,JOH,JOH,,PRIMNM,Assumes 98% hardbottom
PRIAs,Johnston,Johnston,Forereef,Shallow,283.22,1133,Johnston,Johnston,Johnston,Johnston,Johnston,Johnston,JOH,JOH,,PRIMNM,Assumes 98% hardbottom
PRIAs,Johnston,Johnston,Lagoon,Deep,7.76,31,Johnston,Johnston,Johnston,Johnston,Johnston,Johnston,JOH,JOH,,PRIMNM,Assumes 45% hardbottom - should definitely pool lagoon deep with lagoon moderate
PRIAs,Johnston,Johnston,Lagoon,Mid,1630.99,6524,Johnston,Johnston,Johnston,Johnston,Johnston,Johnston,JOH,JOH,,PRIMNM,Assumes 45% hardbottom
PRIAs,Johnston,Johnston,Lagoon,Shallow,1273.9,5096,Johnston,Johnston,Johnston,Johnston,Johnston,Johnston,JOH,JOH,,PRIMNM,Assumes 45% hardbottom
PRIAs,Johnston,Johnston,Protected Slope,Deep,3223.37,NA,Johnston,Johnston,Johnston,Johnston,Johnston,Johnston,JOH,JOH,NA,NA,Assumes 50% hardbottom
PRIAs,Johnston,Johnston,Protected Slope,Mid,2711.37,NA,Johnston,Johnston,Johnston,Johnston,Johnston,Johnston,JOH,JOH,NA,NA,Assumes 50% hardbottom
PRIAs,Johnston,Johnston,Protected Slope,Shallow,6.88,NA,Johnston,Johnston,Johnston,Johnston,Johnston,Johnston,JOH,JOH,NA,NA,Assumes 50% hardbottom - should pool shallow protected with mid
PRIAs,Kingman,Kingman,Backreef,Deep,50.25,163,Kingman,Kingman,Kingman,Kingman,Kingman,King_Pal,KIN,KIN,,PRIMNM,From Grids ASSUMES 90% Hard
PRIAs,Kingman,Kingman,Backreef,Mid,203.25,739,Kingman,Kingman,Kingman,Kingman,Kingman,King_Pal,KIN,KIN,,PRIMNM,From Grids ASSUMES 90% Hard
PRIAs,Kingman,Kingman,Backreef,Shallow,380.75,989,Kingman,Kingman,Kingman,Kingman,Kingman,King_Pal,KIN,KIN,,PRIMNM,From Grids ASSUMES 90% Hard
PRIAs,Kingman,Kingman,Forereef,Deep,46.75,285,Kingman,Kingman,Kingman,Kingman,Kingman,King_Pal,KIN,KIN,,PRIMNM,From Grids ASSUMES 99% Hard
PRIAs,Kingman,Kingman,Forereef,Mid,282.5,2236,Kingman,Kingman,Kingman,Kingman,Kingman,King_Pal,KIN,KIN,,PRIMNM,From Grids ASSUMES 99% Hard
PRIAs,Kingman,Kingman,Forereef,Shallow,279,1140,Kingman,Kingman,Kingman,Kingman,Kingman,King_Pal,KIN,KIN,,PRIMNM,From Grids ASSUMES 99% Hard
PRIAs,Kingman,Kingman,Lagoon,Deep,876.75,4052,Kingman,Kingman,Kingman,Kingman,Kingman,King_Pal,KIN,KIN,,PRIMNM,From Grids Assumes 60% hard bottom
PRIAs,Kingman,Kingman,Lagoon,Mid,74.75,304,Kingman,Kingman,Kingman,Kingman,Kingman,King_Pal,KIN,KIN,,PRIMNM,From Grids Assumes 60% hard bottom
PRIAs,Kingman,Kingman,Lagoon,Shallow,0.25,2,Kingman,Kingman,Kingman,Kingman,Kingman,King_Pal,KIN,KIN,,PRIMNM,From Grids Assumes 60% hard bottom
PRIAs,Kingman,Kingman,Protected Slope,Deep,229,756,Kingman,Kingman,Kingman,Kingman,Kingman,King_Pal,KIN,KIN,NA,PRIMNM,From Grids ASSUMES 90% Hard
PRIAs,Kingman,Kingman,Protected Slope,Mid,1328.25,4786,Kingman,Kingman,Kingman,Kingman,Kingman,King_Pal,KIN,KIN,NA,PRIMNM,From Grids ASSUMES 90% Hard
PRIAs,Kingman,Kingman,Protected Slope,Shallow,19.25,NA,Kingman,Kingman,Kingman,Kingman,Kingman,King_Pal,KIN,KIN,NA,PRIMNM,From Grids ASSUMES 90% Hard
PRIAs,Palmyra,Palmyra,Backreef,Deep,11.58568484,46,Palmyra,Palmyra,Palmyra,Palmyra,Palmyra,King_Pal,PAL,PAL,,PRIMNM,
PRIAs,Palmyra,Palmyra,Backreef,Mid,67.99264287,272,Palmyra,Palmyra,Palmyra,Palmyra,Palmyra,King_Pal,PAL,PAL,,PRIMNM,
PRIAs,Palmyra,Palmyra,Backreef,Shallow,1246.94781,4988,Palmyra,Palmyra,Palmyra,Palmyra,Palmyra,King_Pal,PAL,PAL,,PRIMNM,
PRIAs,Palmyra,Palmyra,Forereef,Deep,623.950261,2496,Palmyra,Palmyra,Palmyra,Palmyra,Palmyra,King_Pal,PAL,PAL,,PRIMNM,
PRIAs,Palmyra,Palmyra,Forereef,Mid,1527.372655,6109,Palmyra,Palmyra,Palmyra,Palmyra,Palmyra,King_Pal,PAL,PAL,,PRIMNM,
PRIAs,Palmyra,Palmyra,Forereef,Shallow,642.028097,2568,Palmyra,Palmyra,Palmyra,Palmyra,Palmyra,King_Pal,PAL,PAL,,PRIMNM,
PRIAs,Palmyra,Palmyra,Lagoon,Mid,54.8903582,220,Palmyra,Palmyra,Palmyra,Palmyra,Palmyra,King_Pal,PAL,PAL,,PRIMNM,
PRIAs,Palmyra,Palmyra,Lagoon,Shallow,18.69397438,75,Palmyra,Palmyra,Palmyra,Palmyra,Palmyra,King_Pal,PAL,PAL,,PRIMNM,
PRIAs,Palmyra,Palmyra,OTHER,OTHER,19.27986332,NA,Palmyra,Palmyra,Palmyra,Palmyra,Palmyra,King_Pal,PAL,PAL,NA,NA,
PRIAs,Wake,Wake,Backreef,Deep,0.008197859,0,Wake,Wake,Wake,Wake,Wake,Wake,WAK,WAK,,PRIMNM,
PRIAs,Wake,Wake,Backreef,Mid,5.530948577,22,Wake,Wake,Wake,Wake,Wake,Wake,WAK,WAK,,PRIMNM,
PRIAs,Wake,Wake,Backreef,Shallow,689.5000228,2758,Wake,Wake,Wake,Wake,Wake,Wake,WAK,WAK,,PRIMNM,
PRIAs,Wake,Wake,Forereef,Deep,59.48386537,238,Wake,Wake,Wake,Wake,Wake,Wake,WAK,WAK,,PRIMNM,
PRIAs,Wake,Wake,Forereef,Mid,102.2772869,409,Wake,Wake,Wake,Wake,Wake,Wake,WAK,WAK,,PRIMNM,
PRIAs,Wake,Wake,Forereef,Shallow,117.9897305,472,Wake,Wake,Wake,Wake,Wake,Wake,WAK,WAK,,PRIMNM,
PRIAs,Wake,Wake,Lagoon,Shallow,307.2366532,1229,Wake,Wake,Wake,Wake,Wake,Wake,WAK,WAK,,PRIMNM,
SAMOA,Ofu & Olosega,Ofu & Olosega,Forereef,Deep,303.685,1215,Ofu & Olosega,Ofu & Olosega,Ofu & Olosega,Ofu & Olosega,Ofu & Olosega,Ofu & Olosega,OFU,OFU,0,OPEN,Area calculated from 50*50 grids
SAMOA,Ofu & Olosega,Ofu & Olosega,Forereef,Mid,369.0125,1476,Ofu & Olosega,Ofu & Olosega,Ofu & Olosega,Ofu & Olosega,Ofu & Olosega,Ofu & Olosega,OFU,OFU,0,OPEN,Area calculated from 50*50 grids
SAMOA,Ofu & Olosega,Ofu & Olosega,Forereef,Shallow,120.675,483,Ofu & Olosega,Ofu & Olosega,Ofu & Olosega,Ofu & Olosega,Ofu & Olosega,Ofu & Olosega,OFU,OFU,0,OPEN,Area calculated from 50*50 grids
SAMOA,Rose,ROS_INNER,Backreef,All,171.3562,685,Rose,Rose,Rose,Rose,ROSE_OTHER,Rose,ROS,ROS,NA,MPA,Area calculated from 50*50 grids
SAMOA,Rose,ROS_INNER,Lagoon,Deep,74.5,298,Rose,Rose,Rose,Rose,ROSE_OTHER,Rose,ROS,ROS,NA,MPA,Area calculated from 50*50 grids
SAMOA,Rose,ROS_INNER,Lagoon,Mid,27.5,110,Rose,Rose,Rose,Rose,ROSE_OTHER,Rose,ROS,ROS,NA,MPA,Area calculated from 50*50 grids
SAMOA,Rose,ROS_INNER,Lagoon,Shallow,2.25,9,Rose,Rose,Rose,Rose,ROSE_OTHER,Rose,ROS,ROS,NA,MPA,Area calculated from 50*50 grids
SAMOA,Rose,ROS_SANCTUARY,Forereef,Deep,16.5025,66,Rose,Rose,Rose,Rose,ROSE_SANCTUARY,Rose,ROS,ROS,NA,MPA,Area calculated from 50*50 grids
SAMOA,Rose,ROS_SANCTUARY,Forereef,Mid,85.3,341,Rose,Rose,Rose,Rose,ROSE_SANCTUARY,Rose,ROS,ROS,NA,MPA,Area calculated from 50*50 grids
SAMOA,Rose,ROS_SANCTUARY,Forereef,Shallow,18.4925,74,Rose,Rose,Rose,Rose,ROSE_SANCTUARY,Rose,ROS,ROS,NA,MPA,Area calculated from 50*50 grids
SAMOA,Rose,ROSE_UNSAMPLED,OTHER,OTHER,46.345,NA,Rose,Rose,Rose,Rose,ROSE_OTHER,Rose,ROS,ROS,NA,MPA,Area calculated from 50*50 grids
SAMOA,South Bank,South Bank,Forereef,Deep,25,NA,South Bank,South Bank,South Bank,South Bank,South Bank,South Bank,South Bank,South Bank,NA,NA,"Arbitrarily setting to 25ha, assuming also that it is all deep .. CRED found it hard to find any bottom < 30m"
SAMOA,Swains,SWA_OPEN,Forereef,Deep,2.930460683,12,Swains,Swains,Swains,SWAINS_OPEN,SWAINS_OPEN,Swains,SWA,SWA,NA,OPEN,
SAMOA,Swains,SWA_OPEN,Forereef,Mid,15.6128307,62,Swains,Swains,Swains,SWAINS_OPEN,SWAINS_OPEN,Swains,SWA,SWA,NA,OPEN,
SAMOA,Swains,SWA_OPEN,Forereef,Shallow,92.22740392,369,Swains,Swains,Swains,SWAINS_OPEN,SWAINS_OPEN,Swains,SWA,SWA,NA,OPEN,
SAMOA,Swains,SWA_SANCTUARY,Forereef,Deep,9.371844797,37,Swains,Swains,Swains,SWAINS_SANCTUARY,SWAINS_SANCTUARY,Swains,SWA,SWA,NA,MPA,
SAMOA,Swains,SWA_SANCTUARY,Forereef,Mid,41.80811022,167,Swains,Swains,Swains,SWAINS_SANCTUARY,SWAINS_SANCTUARY,Swains,SWA,SWA,NA,MPA,
SAMOA,Swains,SWA_SANCTUARY,Forereef,Shallow,118.5523679,474,Swains,Swains,Swains,SWAINS_SANCTUARY,SWAINS_SANCTUARY,Swains,SWA,SWA,NA,MPA,
SAMOA,Tau,TAU_OPEN,Forereef,Deep,179.335,717,Tau,Tau,Tau,Tau,Tau,Tau,TAU,TAU,,OPEN,Area calculated from 50*50 grids
SAMOA,Tau,TAU_OPEN,Forereef,Mid,494.905,1980,Tau,Tau,Tau,Tau,Tau,Tau,TAU,TAU,,OPEN,Area calculated from 50*50 grids
SAMOA,Tau,TAU_OPEN,Forereef,Shallow,119.3825,478,Tau,Tau,Tau,Tau,Tau,Tau,TAU,TAU,,OPEN,Area calculated from 50*50 grids
SAMOA,Tau,TAU_SANCTUARY,Forereef,Deep,24.1775,97,Tau,Tau,Tau,Tau,Tau,Tau,TAU,TAU,NA,MPA,Area calculated from 50*50 grids
SAMOA,Tau,TAU_SANCTUARY,Forereef,Mid,71.735,287,Tau,Tau,Tau,Tau,Tau,Tau,TAU,TAU,NA,MPA,Area calculated from 50*50 grids
SAMOA,Tau,TAU_SANCTUARY,Forereef,Shallow,14.335,57,Tau,Tau,Tau,Tau,Tau,Tau,TAU,TAU,NA,MPA,Area calculated from 50*50 grids
SAMOA,Tutuila,TUT_AUNUU_B,Forereef,Deep,202.8,811,Tutuila,Tutuila,Tutuila,TUT_NE,AUNUU_SANCTUARY_B,TUT_NTH,TUT,TUT,NA,AUNB,
SAMOA,Tutuila,TUT_AUNUU_B,Forereef,Mid,40.8,163,Tutuila,Tutuila,Tutuila,TUT_NE,AUNUU_SANCTUARY_B,TUT_NTH,TUT,TUT,NA,AUNB,
SAMOA,Tutuila,TUT_AUNUU_B,Forereef,Shallow,0.2,1,Tutuila,Tutuila,Tutuila,TUT_NE,AUNUU_SANCTUARY_B,TUT_NTH,TUT,TUT,NA,AUNB,
SAMOA,Tutuila,TUT_FAGATELE,Forereef,Deep,4.5,18,Tutuila,Tutuila,Tutuila,TUT_SW,FAGATELE_SANCTUARY,TUT_STH,TUT,TUT,NA,FAGA,
SAMOA,Tutuila,TUT_FAGATELE,Forereef,Mid,20.2,81,Tutuila,Tutuila,Tutuila,TUT_SW,FAGATELE_SANCTUARY,TUT_STH,TUT,TUT,NA,FAGA,
SAMOA,Tutuila,TUT_FAGATELE,Forereef,Shallow,9.4,38,Tutuila,Tutuila,Tutuila,TUT_SW,FAGATELE_SANCTUARY,TUT_STH,TUT,TUT,NA,FAGA,
SAMOA,Tutuila,TUT_NE_OPEN,Forereef,Deep,372.8,1174,Tutuila,Tutuila,Tutuila,TUT_NE,TUT_NE_OTH,TUT_NTH,TUT,TUT,NA,OPEN,
SAMOA,Tutuila,TUT_NE_OPEN,Forereef,Mid,425,1094,Tutuila,Tutuila,Tutuila,TUT_NE,TUT_NE_OTH,TUT_NTH,TUT,TUT,NA,OPEN,
SAMOA,Tutuila,TUT_NE_OPEN,Forereef,Shallow,272.9,1001,Tutuila,Tutuila,Tutuila,TUT_NE,TUT_NE_OTH,TUT_NTH,TUT,TUT,NA,OPEN,
SAMOA,Tutuila,TUT_NW_OPEN,Forereef,Deep,257.7,1031,Tutuila,Tutuila,Tutuila,TUT_NW,TUT_NW,TUT_NTH,TUT,TUT,NA,OPEN,
SAMOA,Tutuila,TUT_NW_OPEN,Forereef,Mid,220.3,881,Tutuila,Tutuila,Tutuila,TUT_NW,TUT_NW,TUT_NTH,TUT,TUT,NA,OPEN,
SAMOA,Tutuila,TUT_NW_OPEN,Forereef,Shallow,130.4,522,Tutuila,Tutuila,Tutuila,TUT_NW,TUT_NW,TUT_NTH,TUT,TUT,NA,OPEN,
SAMOA,Tutuila,TUT_PAGOPAGO,Forereef,Deep,9.7,NA,Tutuila,Tutuila,Tutuila,TUT_PAGOPAGO,TUT_PAGOPAGO,TUT_NOT,TUT,TUT,NA,OPEN,
SAMOA,Tutuila,TUT_PAGOPAGO,Forereef,Mid,29.4,NA,Tutuila,Tutuila,Tutuila,TUT_PAGOPAGO,TUT_PAGOPAGO,TUT_NOT,TUT,TUT,NA,OPEN,
SAMOA,Tutuila,TUT_PAGOPAGO,Forereef,Shallow,59.7,NA,Tutuila,Tutuila,Tutuila,TUT_PAGOPAGO,TUT_PAGOPAGO,TUT_NOT,TUT,TUT,NA,OPEN,
SAMOA,Tutuila,TUT_SE_OPEN,Forereef,Deep,291.8,1167,Tutuila,Tutuila,Tutuila,TUT_SE,TUT_SE,TUT_STH,TUT,TUT,NA,OPEN,
SAMOA,Tutuila,TUT_SE_OPEN,Forereef,Mid,659.5,2638,Tutuila,Tutuila,Tutuila,TUT_SE,TUT_SE,TUT_STH,TUT,TUT,NA,OPEN,
SAMOA,Tutuila,TUT_SE_OPEN,Forereef,Shallow,472.9,1891,Tutuila,Tutuila,Tutuila,TUT_SE,TUT_SE,TUT_STH,TUT,TUT,NA,OPEN,
SAMOA,Tutuila,TUT_SW_OPEN,Forereef,Deep,266.2,1034,Tutuila,Tutuila,Tutuila,TUT_SW,TUT_SW_OTH,TUT_STH,TUT,TUT,NA,OPEN,
SAMOA,Tutuila,TUT_SW_OPEN,Forereef,Mid,227.5,799,Tutuila,Tutuila,Tutuila,TUT_SW,TUT_SW_OTH,TUT_STH,TUT,TUT,NA,OPEN,
SAMOA,Tutuila,TUT_SW_OPEN,Forereef,Shallow,208.8,809,Tutuila,Tutuila,Tutuila,TUT_SW,TUT_SW_OTH,TUT_STH,TUT,TUT,NA,OPEN,
