,REGION,ISLAND,SEC_NAME,REEF_ZONE,DEPTH_BIN,AREA_HA_2023,AREA_HA_2024,REP_CARD,RAMP_CURRENT,RAMP_BASIC,MARI2011,MARI2014,TUT10_12,AS_SANCTUARY,bA_BENTHIC_REP_CARD,bBENTHIC_SEC_CODE,bGEN_MHI_STRUCTURE,bPROTECTION,NH,BENTHIC_BASIC,SAMOA_CLIMATE,BENTHIC_2018,NOTES
1,CT,Timor Leste,ATA,Forereef,Mid,1,NA,NOT,ATA,ATA,NOT,NOT,NOT,NOT,Timor Leste,Timor Leste,NA,NA,NA,Timor Leste,NOT,ATA,"Unkown Size ,, setting to 1 (so all reef zones equal, and as placeholder that is obvioulsy wrong)"
2,CT,Timor Leste,ATA,Forereef,Shallow,1,NA,NOT,ATA,ATA,NOT,NOT,NOT,NOT,Timor Leste,Timor Leste,NA,NA,NA,Timor Leste,NOT,ATA,"Unkown Size ,, setting to 1 (so all reef zones equal, and as placeholder that is obvioulsy wrong)"
3,CT,Timor Leste,BAU,Forereef,Mid,1,NA,NOT,BAU,BAU,NOT,NOT,NOT,NOT,Timor Leste,Timor Leste,NA,NA,NA,Timor Leste,NOT,BAU,"Unkown Size ,, setting to 1 (so all reef zones equal, and as placeholder that is obvioulsy wrong)"
4,CT,Timor Leste,BAU,Forereef,Shallow,1,NA,NOT,BAU,BAU,NOT,NOT,NOT,NOT,Timor Leste,Timor Leste,NA,NA,NA,Timor Leste,NOT,BAU,"Unkown Size ,, setting to 1 (so all reef zones equal, and as placeholder that is obvioulsy wrong)"
5,CT,Timor Leste,BOB,Forereef,Mid,1,NA,NOT,BOB,BOB,NOT,NOT,NOT,NOT,Timor Leste,Timor Leste,NA,NA,NA,Timor Leste,NOT,BOB,"Unkown Size ,, setting to 1 (so all reef zones equal, and as placeholder that is obvioulsy wrong)"
6,CT,Timor Leste,BOB,Forereef,Shallow,1,NA,NOT,BOB,BOB,NOT,NOT,NOT,NOT,Timor Leste,Timor Leste,NA,NA,NA,Timor Leste,NOT,BOB,"Unkown Size ,, setting to 1 (so all reef zones equal, and as placeholder that is obvioulsy wrong)"
7,CT,Timor Leste,DIL,Forereef,Mid,1,NA,NOT,DIL,DIL,NOT,NOT,NOT,NOT,Timor Leste,Timor Leste,NA,NA,NA,Timor Leste,NOT,DIL,"Unkown Size ,, setting to 1 (so all reef zones equal, and as placeholder that is obvioulsy wrong)"
8,CT,Timor Leste,DIL,Forereef,Shallow,1,NA,NOT,DIL,DIL,NOT,NOT,NOT,NOT,Timor Leste,Timor Leste,NA,NA,NA,Timor Leste,NOT,DIL,"Unkown Size ,, setting to 1 (so all reef zones equal, and as placeholder that is obvioulsy wrong)"
9,CT,Timor Leste,LAU,Forereef,Mid,1,NA,NOT,LAU,LAU,NOT,NOT,NOT,NOT,Timor Leste,Timor Leste,NA,NA,NA,Timor Leste,NOT,LAU,"Unkown Size ,, setting to 1 (so all reef zones equal, and as placeholder that is obvioulsy wrong)"
10,CT,Timor Leste,LAU,Forereef,Shallow,1,NA,NOT,LAU,LAU,NOT,NOT,NOT,NOT,Timor Leste,Timor Leste,NA,NA,NA,Timor Leste,NOT,LAU,"Unkown Size ,, setting to 1 (so all reef zones equal, and as placeholder that is obvioulsy wrong)"
11,CT,Timor Leste,LIQ,Forereef,Mid,1,NA,NOT,LIQ,LIQ,NOT,NOT,NOT,NOT,Timor Leste,Timor Leste,NA,NA,NA,Timor Leste,NOT,LIQ,"Unkown Size ,, setting to 1 (so all reef zones equal, and as placeholder that is obvioulsy wrong)"
12,CT,Timor Leste,LIQ,Forereef,Shallow,1,NA,NOT,LIQ,LIQ,NOT,NOT,NOT,NOT,Timor Leste,Timor Leste,NA,NA,NA,Timor Leste,NOT,LIQ,"Unkown Size ,, setting to 1 (so all reef zones equal, and as placeholder that is obvioulsy wrong)"
13,CT,Timor Leste,MAN,Forereef,Mid,1,NA,NOT,MAN,MAN,NOT,NOT,NOT,NOT,Timor Leste,Timor Leste,NA,NA,NA,Timor Leste,NOT,MAN,"Unkown Size ,, setting to 1 (so all reef zones equal, and as placeholder that is obvioulsy wrong)"
14,CT,Timor Leste,MAN,Forereef,Shallow,1,NA,NOT,MAN,MAN,NOT,NOT,NOT,NOT,Timor Leste,Timor Leste,NA,NA,NA,Timor Leste,NOT,MAN,"Unkown Size ,, setting to 1 (so all reef zones equal, and as placeholder that is obvioulsy wrong)"
15,CT,Timor Leste,OEC,Forereef,Mid,1,NA,NOT,OEC,OEC,NOT,NOT,NOT,NOT,Timor Leste,Timor Leste,NA,NA,NA,Timor Leste,NOT,OEC,"Unkown Size ,, setting to 1 (so all reef zones equal, and as placeholder that is obvioulsy wrong)"
16,CT,Timor Leste,OEC,Forereef,Shallow,1,NA,NOT,OEC,OEC,NOT,NOT,NOT,NOT,Timor Leste,Timor Leste,NA,NA,NA,Timor Leste,NOT,OEC,"Unkown Size ,, setting to 1 (so all reef zones equal, and as placeholder that is obvioulsy wrong)"
17,CT,Timor Leste,VIL,Forereef,Mid,1,NA,NOT,VIL,VIL,NOT,NOT,NOT,NOT,Timor Leste,Timor Leste,NA,NA,NA,Timor Leste,NOT,VIL,"Unkown Size ,, setting to 1 (so all reef zones equal, and as placeholder that is obvioulsy wrong)"
18,CT,Timor Leste,VIL,Forereef,Shallow,1,NA,NOT,VIL,VIL,NOT,NOT,NOT,NOT,Timor Leste,Timor Leste,NA,NA,NA,Timor Leste,NOT,VIL,"Unkown Size ,, setting to 1 (so all reef zones equal, and as placeholder that is obvioulsy wrong)"
19,MARIAN,11-mile bank,11-mile bank,Forereef,Deep,2.642415605,NA,NOT,11-mile bank,11-mile bank,NOT,NOT,NOT,NOT,11-mile bank,11-mile bank,NA,NA,NA,11-mile bank,NOT,11-mile bank,
20,MARIAN,Agrihan,Agrihan,Forereef,Deep,455.6356862,458,CNMI_UNPOP,Agrihan,Agrihan,NOT,NOT,NOT,NOT,AGR,AGR,NOT,OPEN,1823,AGR_OPEN,NOT,Agrihan,
21,MARIAN,Agrihan,Agrihan,Forereef,Mid,51.8014133,130.66,CNMI_UNPOP,Agrihan,Agrihan,NOT,NOT,NOT,NOT,AGR,AGR,NOT,OPEN,207,AGR_OPEN,NOT,Agrihan,
22,MARIAN,Agrihan,Agrihan,Forereef,Shallow,343.1901754,116.98,CNMI_UNPOP,Agrihan,Agrihan,NOT,NOT,NOT,NOT,AGR,AGR,NOT,OPEN,1373,AGR_OPEN,NOT,Agrihan,
23,MARIAN,Aguijan,Aguijan,Forereef,Deep,119.2887963,300.579,SaTiAg,Aguijan,Aguijan,NOT,NOT,NOT,NOT,AGU,AGU,NOT,OPEN,477,AGU_OPEN,NOT,Aguijan,
24,MARIAN,Aguijan,Aguijan,Forereef,Mid,129.0007981,190.284,SaTiAg,Aguijan,Aguijan,NOT,NOT,NOT,NOT,AGU,AGU,NOT,OPEN,516,AGU_OPEN,NOT,Aguijan,
25,MARIAN,Aguijan,Aguijan,Forereef,Shallow,157.3007294,17.772,SaTiAg,Aguijan,Aguijan,NOT,NOT,NOT,NOT,AGU,AGU,NOT,OPEN,629,AGU_OPEN,NOT,Aguijan,
26,MARIAN,Alamagan,Alamagan,Forereef,Deep,112.8532954,159.86,CNMI_UNPOP,Alamagan,Alamagan,NOT,NOT,NOT,NOT,ALA,ALA,NOT,OPEN,451,ALA_OPEN,NOT,Alamagan,
27,MARIAN,Alamagan,Alamagan,Forereef,Mid,162.4144779,167.45,CNMI_UNPOP,Alamagan,Alamagan,NOT,NOT,NOT,NOT,ALA,ALA,NOT,OPEN,650,ALA_OPEN,NOT,Alamagan,
28,MARIAN,Alamagan,Alamagan,Forereef,Shallow,71.071876,33.27,CNMI_UNPOP,Alamagan,Alamagan,NOT,NOT,NOT,NOT,ALA,ALA,NOT,OPEN,284,ALA_OPEN,NOT,Alamagan,
29,MARIAN,Anatahan,Anatahan,Forereef,Deep,393.9252048,NA,NOT,Anatahan,Anatahan,NOT,NOT,NOT,NOT,Ana,Ana,NA,NA,NA,Ana,NOT,Anatahan,"Assume average size island, assume dms each 1/3"
30,MARIAN,Anatahan,Anatahan,Forereef,Mid,393.9252048,NA,NOT,Anatahan,Anatahan,NOT,NOT,NOT,NOT,Ana,Ana,NA,NA,NA,Ana,NOT,Anatahan,"Assume average size island, assume dms each 1/3"
31,MARIAN,Anatahan,Anatahan,Forereef,Shallow,393.9252048,NA,NOT,Anatahan,Anatahan,NOT,NOT,NOT,NOT,Ana,Ana,NA,NA,NA,Ana,NOT,Anatahan,"Assume average size island, assume dms each 1/3"
32,MARIAN,Arakane,Arakane,Forereef,Deep,24.5959461,NA,NOT,Arakane,Arakane,NOT,NOT,NOT,NOT,Arakane,Arakane,NA,NA,NA,Arakane,NOT,Arakane,
33,MARIAN,Arakane,Arakane,Forereef,Mid,23.2565184,NA,NOT,Arakane,Arakane,NOT,NOT,NOT,NOT,Arakane,Arakane,NA,NA,NA,Arakane,NOT,Arakane,
34,MARIAN,Asuncion,Asuncion,Forereef,Deep,64.03633046,56.875,MTMNM,Asuncion,Asuncion,NOT,NOT,NOT,NOT,ASC,ASC,NOT,MTMM,256,ASC_MTMM,NOT,Asuncion,
35,MARIAN,Asuncion,Asuncion,Forereef,Mid,130.7967187,136.54,MTMNM,Asuncion,Asuncion,NOT,NOT,NOT,NOT,ASC,ASC,NOT,MTMM,523,ASC_MTMM,NOT,Asuncion,
36,MARIAN,Asuncion,Asuncion,Forereef,Shallow,53.77229254,32.485,MTMNM,Asuncion,Asuncion,NOT,NOT,NOT,NOT,ASC,ASC,NOT,MTMM,215,ASC_MTMM,NOT,Asuncion,
37,MARIAN,Farallon de Medenilla,Farallon de Medenilla,Forereef,Deep,78.47331358,NA,NOT,Farallon de Medenilla,Farallon de Medenilla,NOT,NOT,NOT,NOT,Farallon de Medenilla,Farallon de Medenilla,NA,NA,NA,Farallon de Medenilla_NA,NOT,Farallon de Medenilla,
38,MARIAN,Farallon de Medenilla,Farallon de Medenilla,Forereef,Mid,52.80542635,NA,NOT,Farallon de Medenilla,Farallon de Medenilla,NOT,NOT,NOT,NOT,Farallon de Medenilla,Farallon de Medenilla,NA,NA,NA,Farallon de Medenilla_NA,NOT,Farallon de Medenilla,
39,MARIAN,Farallon de Medenilla,Farallon de Medenilla,Forereef,Shallow,20.23990304,NA,NOT,Farallon de Medenilla,Farallon de Medenilla,NOT,NOT,NOT,NOT,Farallon de Medenilla,Farallon de Medenilla,NA,NA,NA,Farallon de Medenilla_NA,NOT,Farallon de Medenilla,
40,MARIAN,Farallon de Pajaros,Farallon de Pajaros,Forereef,Deep,36.860822,36.97,MTMNM,Farallon de Pajaros,Farallon de Pajaros,NOT,NOT,NOT,NOT,FDP,FDP,NOT,MTMM,147,FDP_MTMM,NOT,Farallon de Pajaros,
41,MARIAN,Farallon de Pajaros,Farallon de Pajaros,Forereef,Mid,68.68271,68.07,MTMNM,Farallon de Pajaros,Farallon de Pajaros,NOT,NOT,NOT,NOT,FDP,FDP,NOT,MTMM,275,FDP_MTMM,NOT,Farallon de Pajaros,
42,MARIAN,Farallon de Pajaros,Farallon de Pajaros,Forereef,Shallow,32.916547,5.07,MTMNM,Farallon de Pajaros,Farallon de Pajaros,NOT,NOT,NOT,NOT,FDP,FDP,NOT,MTMM,132,FDP_MTMM,NOT,Farallon de Pajaros,
43,MARIAN,Galvez,Galvez,Forereef,Deep,15.29549096,NA,NOT,Galvez,Galvez,NOT,NOT,NOT,NOT,Galvez,Galvez,NA,NA,NA,Galvez,NOT,Galvez,
44,MARIAN,Guam,GUA_ACHANG,Forereef,Deep,13.75,15.086,GUAM_MP,GUA_MP,Guam,GUA_MP,GUA_ACHANG,NOT,NOT,GUA_EAST_MPA,GUA_EAST,NOT,ACHG,55,GUA_EAST_ACHG,NOT,GUA_ACHANG,
45,MARIAN,Guam,GUA_ACHANG,Forereef,Mid,59.25,59.344,GUAM_MP,GUA_MP,Guam,GUA_MP,GUA_ACHANG,NOT,NOT,GUA_EAST_MPA,GUA_EAST,NOT,ACHG,237,GUA_EAST_ACHG,NOT,GUA_ACHANG,
46,MARIAN,Guam,GUA_ACHANG,Forereef,Shallow,33.25,32.66,GUAM_MP,GUA_MP,Guam,GUA_MP,GUA_ACHANG,NOT,NOT,GUA_EAST_MPA,GUA_EAST,NOT,ACHG,133,GUA_EAST_ACHG,NOT,GUA_ACHANG,
47,MARIAN,Guam,GUA_EAST_OPEN,Forereef,Deep,664.5,675.801,GUAM_EAST_OPEN,GUA_EAST_OPEN,Guam,GUA_EAST_OPEN,GUA_EAST_OPEN,NOT,NOT,GUA_EAST_OPEN,GUA_EAST,NOT,OPEN,2658,GUA_EAST_OPEN,NOT,GUA_EAST_OPEN,
48,MARIAN,Guam,GUA_EAST_OPEN,Forereef,Mid,1027.25,1022.142,GUAM_EAST_OPEN,GUA_EAST_OPEN,Guam,GUA_EAST_OPEN,GUA_EAST_OPEN,NOT,NOT,GUA_EAST_OPEN,GUA_EAST,NOT,OPEN,4109,GUA_EAST_OPEN,NOT,GUA_EAST_OPEN,
49,MARIAN,Guam,GUA_EAST_OPEN,Forereef,Shallow,421.5,411.264,GUAM_EAST_OPEN,GUA_EAST_OPEN,Guam,GUA_EAST_OPEN,GUA_EAST_OPEN,NOT,NOT,GUA_EAST_OPEN,GUA_EAST,NOT,OPEN,1686,GUA_EAST_OPEN,NOT,GUA_EAST_OPEN,
50,MARIAN,Guam,GUA_HARBOR,Forereef,Deep,3.81,1.214,NOT,GUA_HARBOR,Guam,GUA_HARBOR,GUA_HARBOR,NOT,NOT,GUA_WEST_OPEN,GUA_HAR_WEST,NOT,OPEN,15,GUA_HAR_WEST_OPEN,NOT,GUA_HARBOR,
51,MARIAN,Guam,GUA_HARBOR,Forereef,Mid,38.29,3.111,NOT,GUA_HARBOR,Guam,GUA_HARBOR,GUA_HARBOR,NOT,NOT,GUA_WEST_OPEN,GUA_HAR_WEST,NOT,OPEN,153,GUA_HAR_WEST_OPEN,NOT,GUA_HARBOR,
52,MARIAN,Guam,GUA_HARBOR,Forereef,Shallow,95.17,4.223,NOT,GUA_HARBOR,Guam,GUA_HARBOR,GUA_HARBOR,NOT,NOT,GUA_WEST_OPEN,GUA_HAR_WEST,NOT,OPEN,381,GUA_HAR_WEST_OPEN,NOT,GUA_HARBOR,
53,MARIAN,Guam,GUA_WEST_OPEN,Forereef,Deep,438.75,462.866,GUAM_WEST_OPEN,GUA_WEST_OPEN,Guam,GUA_WEST_OPEN,GUA_WEST_OPEN,NOT,NOT,GUA_WEST_OPEN,GUA_WEST,NOT,OPEN,1755,GUA_WEST_OPEN,NOT,GUA_WEST_OPEN,
54,MARIAN,Guam,GUA_WEST_OPEN,Forereef,Mid,1035,1029.823,GUAM_WEST_OPEN,GUA_WEST_OPEN,Guam,GUA_WEST_OPEN,GUA_WEST_OPEN,NOT,NOT,GUA_WEST_OPEN,GUA_WEST,NOT,OPEN,4140,GUA_WEST_OPEN,NOT,GUA_WEST_OPEN,
55,MARIAN,Guam,GUA_WEST_OPEN,Forereef,Shallow,756.5,476.962,GUAM_WEST_OPEN,GUA_WEST_OPEN,Guam,GUA_WEST_OPEN,GUA_WEST_OPEN,NOT,NOT,GUA_WEST_OPEN,GUA_WEST,NOT,OPEN,3026,GUA_WEST_OPEN,NOT,GUA_WEST_OPEN,
56,MARIAN,Guam,GUA_PATI_POINT,Forereef,Deep,155.25,171.972,GUAM_MP,GUA_MP,Guam,GUA_MP,GUA_MP_MINUS_ACHANG,NOT,NOT,GUA_EAST_MPA,GUA_EAST,NOT,PATI,621,GUA_EAST_PATI,NOT,GUA_PATI_POINT,
57,MARIAN,Guam,GUA_PATI_POINT,Forereef,Mid,159,157.947,GUAM_MP,GUA_MP,Guam,GUA_MP,GUA_MP_MINUS_ACHANG,NOT,NOT,GUA_EAST_MPA,GUA_EAST,NOT,PATI,636,GUA_EAST_PATI,NOT,GUA_PATI_POINT,
58,MARIAN,Guam,GUA_PATI_POINT,Forereef,Shallow,36.25,31.416,GUAM_MP,GUA_MP,Guam,GUA_MP,GUA_MP_MINUS_ACHANG,NOT,NOT,GUA_EAST_MPA,GUA_EAST,NOT,PATI,145,GUA_EAST_PATI,NOT,GUA_PATI_POINT,
59,MARIAN,Guam,GUA_PITI_BOMB,Forereef,Deep,18.5,20.329,GUAM_MP,GUA_MP,Guam,GUA_MP,GUA_MP_MINUS_ACHANG,NOT,NOT,GUA_WEST_MPA,GUA_WEST,NOT,PITI,74,GUA_WEST_PITI,NOT,GUA_PITI_BOMB,
60,MARIAN,Guam,GUA_PITI_BOMB,Forereef,Mid,40.25,44.564,GUAM_MP,GUA_MP,Guam,GUA_MP,GUA_MP_MINUS_ACHANG,NOT,NOT,GUA_WEST_MPA,GUA_WEST,NOT,PITI,161,GUA_WEST_PITI,NOT,GUA_PITI_BOMB,
61,MARIAN,Guam,GUA_PITI_BOMB,Forereef,Shallow,23.5,28.315,GUAM_MP,GUA_MP,Guam,GUA_MP,GUA_MP_MINUS_ACHANG,NOT,NOT,GUA_WEST_MPA,GUA_WEST,NOT,PITI,94,GUA_WEST_PITI,NOT,GUA_PITI_BOMB,
62,MARIAN,Guam,GUA_SASA_BAY,Forereef,Mid,2.54,NA,NOT,GUA_MP,Guam,GUA_MP,GUA_MP_MINUS_ACHANG,NOT,NOT,GUA_WEST_MPA,GUA_HAR_WEST,NOT,SASA,10,GUA_HAR_WEST_SASA,NOT,GUA_SASA_BAY,
63,MARIAN,Guam,GUA_SASA_BAY,Forereef,Shallow,61.82,NA,NOT,GUA_MP,Guam,GUA_MP,GUA_MP_MINUS_ACHANG,NOT,NOT,GUA_WEST_MPA,GUA_HAR_WEST,NOT,SASA,247,GUA_HAR_WEST_SASA,NOT,GUA_SASA_BAY,
64,MARIAN,Guam,GUA_TUMON,Forereef,Deep,27.75,27.244,GUAM_MP,GUA_MP,Guam,GUA_MP,GUA_MP_MINUS_ACHANG,NOT,NOT,GUA_WEST_MPA,GUA_WEST,NOT,TUMB,111,GUA_WEST_TUMB,NOT,GUA_TUMON,
65,MARIAN,Guam,GUA_TUMON,Forereef,Mid,71.75,62.842,GUAM_MP,GUA_MP,Guam,GUA_MP,GUA_MP_MINUS_ACHANG,NOT,NOT,GUA_WEST_MPA,GUA_WEST,NOT,TUMB,287,GUA_WEST_TUMB,NOT,GUA_TUMON,
66,MARIAN,Guam,GUA_TUMON,Forereef,Shallow,131,16.565,GUAM_MP,GUA_MP,Guam,GUA_MP,GUA_MP_MINUS_ACHANG,NOT,NOT,GUA_WEST_MPA,GUA_WEST,NOT,TUMB,524,GUA_WEST_TUMB,NOT,GUA_TUMON,
67,MARIAN,Guguan,Guguan,Forereef,Deep,69.60776909,67.87,CNMI_UNPOP,Guguan,Guguan,NOT,NOT,NOT,NOT,GUG,GUG,NOT,OPEN,278,GUG_OPEN,NOT,Guguan,
68,MARIAN,Guguan,Guguan,Forereef,Mid,73.0388079,89.73,CNMI_UNPOP,Guguan,Guguan,NOT,NOT,NOT,NOT,GUG,GUG,NOT,OPEN,292,GUG_OPEN,NOT,Guguan,
69,MARIAN,Guguan,Guguan,Forereef,Shallow,57.31867709,13.28,CNMI_UNPOP,Guguan,Guguan,NOT,NOT,NOT,NOT,GUG,GUG,NOT,OPEN,229,GUG_OPEN,NOT,Guguan,
70,MARIAN,Maug,Maug,Forereef,Deep,87.73461767,83.64,MTMNM,Maug,Maug,NOT,NOT,NOT,NOT,MAU,MAU,NOT,MTMM,351,MAU_MTMM,NOT,Maug,
71,MARIAN,Maug,Maug,Forereef,Mid,190.6950207,179.345,MTMNM,Maug,Maug,NOT,NOT,NOT,NOT,MAU,MAU,NOT,MTMM,763,MAU_MTMM,NOT,Maug,
72,MARIAN,Maug,Maug,Forereef,Shallow,35.44106339,22.162,MTMNM,Maug,Maug,NOT,NOT,NOT,NOT,MAU,MAU,NOT,MTMM,142,MAU_MTMM,NOT,Maug,
73,MARIAN,Pagan,Pagan,Forereef,Deep,571.3645349,619.16,CNMI_UNPOP,Pagan,Pagan,NOT,NOT,NOT,NOT,PAG,PAG,NOT,OPEN,2285,PAG_OPEN,NOT,Pagan,
74,MARIAN,Pagan,Pagan,Forereef,Mid,492.5006185,498.59,CNMI_UNPOP,Pagan,Pagan,NOT,NOT,NOT,NOT,PAG,PAG,NOT,OPEN,1970,PAG_OPEN,NOT,Pagan,
75,MARIAN,Pagan,Pagan,Forereef,Shallow,449.0588004,28.62,CNMI_UNPOP,Pagan,Pagan,NOT,NOT,NOT,NOT,PAG,PAG,NOT,OPEN,1796,PAG_OPEN,NOT,Pagan,
76,MARIAN,Pathfinder,Pathfinder,Forereef,Deep,33.67386448,NA,NOT,Pathfinder,Pathfinder,NOT,NOT,NOT,NOT,Pathfinder,Pathfinder,NA,NA,NA,Pathfinder,NOT,Pathfinder,
77,MARIAN,Pathfinder,Pathfinder,Forereef,Mid,46.89481662,NA,NOT,Pathfinder,Pathfinder,NOT,NOT,NOT,NOT,Pathfinder,Pathfinder,NA,NA,NA,Pathfinder,NOT,Pathfinder,
78,MARIAN,Rota,Rota,Forereef,Deep,187.5332091,292.826,Rota,Rota,Rota,NOT,NOT,NOT,NOT,ROT,ROT,NOT,OPEN,750,ROT_OPEN,NOT,Rota,
79,MARIAN,Rota,Rota,Forereef,Mid,254.5438529,601.208,Rota,Rota,Rota,NOT,NOT,NOT,NOT,ROT,ROT,NOT,OPEN,1018,ROT_OPEN,NOT,Rota,
80,MARIAN,Rota,Rota,Forereef,Shallow,889.2950898,166.361,Rota,Rota,Rota,NOT,NOT,NOT,NOT,ROT,ROT,NOT,OPEN,3557,ROT_OPEN,NOT,Rota,
81,MARIAN,Saipan,Saipan,Backreef,Deep,0.102749263,NA,SaTiAg,Saipan,Saipan,NOT,NOT,NOT,NOT,SAI,SAI,NOT,OPEN,2391,SAI_OPEN,NOT,Saipan,
82,MARIAN,Saipan,Saipan,Backreef,Mid,0.838950538,NA,SaTiAg,Saipan,Saipan,NOT,NOT,NOT,NOT,SAI,SAI,NOT,OPEN,2391,SAI_OPEN,NOT,Saipan,
83,MARIAN,Saipan,Saipan,Backreef,Shallow,596.76696,NA,SaTiAg,Saipan,Saipan,NOT,NOT,NOT,NOT,SAI,SAI,NOT,OPEN,2391,SAI_OPEN,NOT,Saipan,
84,MARIAN,Saipan,Saipan,Forereef,Deep,1985.586578,1891.592,SaTiAg,Saipan,Saipan,NOT,NOT,NOT,NOT,SAI,SAI,NOT,OPEN,7942,SAI_OPEN,NOT,Saipan,
85,MARIAN,Saipan,Saipan,Forereef,Mid,1132.596536,1216.23,SaTiAg,Saipan,Saipan,NOT,NOT,NOT,NOT,SAI,SAI,NOT,OPEN,4530,SAI_OPEN,NOT,Saipan,
86,MARIAN,Saipan,Saipan,Forereef,Shallow,420.8277658,344.5,SaTiAg,Saipan,Saipan,NOT,NOT,NOT,NOT,SAI,SAI,NOT,OPEN,1683,SAI_OPEN,NOT,Saipan,
87,MARIAN,Saipan,Saipan,Lagoon,Mid,170.5443267,NA,SaTiAg,Saipan,Saipan,NOT,NOT,NOT,NOT,SAI,SAI,NOT,OPEN,682,SAI_OPEN,NOT,Saipan,
88,MARIAN,Saipan,Saipan,Lagoon,Shallow,412.3027837,NA,SaTiAg,Saipan,Saipan,NOT,NOT,NOT,NOT,SAI,SAI,NOT,OPEN,1649,SAI_OPEN,NOT,Saipan,
89,MARIAN,Saipan,Saipan,OTHER,OTHER,126.9930931,NA,SaTiAg,Saipan,Saipan,NOT,NOT,NOT,NOT,SAI,SAI,NOT,OPEN,NA,SAI_OPEN,NOT,Saipan,
90,MARIAN,Santa Rosa,Santa Rosa,Forereef,Deep,2262.645102,NA,NOT,Santa Rosa,Santa Rosa,NOT,NOT,NOT,NOT,Santa Rosa,Santa Rosa,NA,NA,NA,Santa Rosa,NOT,Santa Rosa,
91,MARIAN,Santa Rosa,Santa Rosa,Forereef,Mid,1288.462096,NA,NOT,Santa Rosa,Santa Rosa,NOT,NOT,NOT,NOT,Santa Rosa,Santa Rosa,NA,NA,NA,Santa Rosa,NOT,Santa Rosa,
92,MARIAN,Sarigan,Sarigan,Forereef,Deep,88.30851333,88.57,CNMI_UNPOP,Sarigan,Sarigan,NOT,NOT,NOT,NOT,SAR,SAR,NOT,OPEN,353,SAR_OPEN,NOT,Sarigan,
93,MARIAN,Sarigan,Sarigan,Forereef,Mid,29.81657193,59.56,CNMI_UNPOP,Sarigan,Sarigan,NOT,NOT,NOT,NOT,SAR,SAR,NOT,OPEN,119,SAR_OPEN,NOT,Sarigan,
94,MARIAN,Sarigan,Sarigan,Forereef,Shallow,79.43434663,32.3,CNMI_UNPOP,Sarigan,Sarigan,NOT,NOT,NOT,NOT,SAR,SAR,NOT,OPEN,318,SAR_OPEN,NOT,Sarigan,
95,MARIAN,Supply Reef,Supply Reef,Forereef,Deep,8.705859815,NA,NOT,Supply Reef,Supply Reef,NOT,NOT,NOT,NOT,Supply Reef,Supply Reef,NA,NA,NA,Supply Reef,NOT,Supply Reef,
96,MARIAN,Supply Reef,Supply Reef,Forereef,Mid,1.192725779,NA,NOT,Supply Reef,Supply Reef,NOT,NOT,NOT,NOT,Supply Reef,Supply Reef,NA,NA,NA,Supply Reef,NOT,Supply Reef,
97,MARIAN,Tatsumi,Tatsumi,Forereef,Deep,88.09014362,NA,NOT,Tatsumi,Tatsumi,NOT,NOT,NOT,NOT,Tatsumi,Tatsumi,NA,NA,NA,Tatsumi,NOT,Tatsumi,
98,MARIAN,Tatsumi,Tatsumi,Forereef,Mid,136.1279988,NA,NOT,Tatsumi,Tatsumi,NOT,NOT,NOT,NOT,Tatsumi,Tatsumi,NA,NA,NA,Tatsumi,NOT,Tatsumi,
99,MARIAN,Tinian,Tinian,Forereef,Deep,557.103082,605.69,SaTiAg,Tinian,Tinian,NOT,NOT,NOT,NOT,TIN,TIN,NOT,OPEN,2228,TIN_OPEN,NOT,Tinian,
100,MARIAN,Tinian,Tinian,Forereef,Mid,534.0549959,699.052,SaTiAg,Tinian,Tinian,NOT,NOT,NOT,NOT,TIN,TIN,NOT,OPEN,2136,TIN_OPEN,NOT,Tinian,
101,MARIAN,Tinian,Tinian,Forereef,Shallow,323.0482252,143.785,SaTiAg,Tinian,Tinian,NOT,NOT,NOT,NOT,TIN,TIN,NOT,OPEN,1292,TIN_OPEN,NOT,Tinian,
102,MHI,Hawaii,HAW_HAMAKUA,Forereef,Deep,1479.311358,1759.578,Hawaii,HAW_HAMAKUA,HAW_HAMAKUA,NOT,NOT,NOT,NOT,HAW_CM,HAW_HA,CM,OPEN,5917,HAW_CMHA_CM_OPEN,NOT,HAW_HAMAKUA,Not much hard/soft information
103,MHI,Hawaii,HAW_HAMAKUA,Forereef,Mid,2334.19033,1918.9,Hawaii,HAW_HAMAKUA,HAW_HAMAKUA,NOT,NOT,NOT,NOT,HAW_CM,HAW_HA,CM,OPEN,9337,HAW_CMHA_CM_OPEN,NOT,HAW_HAMAKUA,Not much hard/soft information
104,MHI,Hawaii,HAW_HAMAKUA,Forereef,Shallow,1117.329716,621.668,Hawaii,HAW_HAMAKUA,HAW_HAMAKUA,NOT,NOT,NOT,NOT,HAW_CM,HAW_HA,CM,OPEN,4469,HAW_CMHA_CM_OPEN,NOT,HAW_HAMAKUA,Not much hard/soft information
105,MHI,Hawaii,HAW_KONA,Forereef,Deep,1546.877064,1617.479,Hawaii,HAW_KONA,HAW_KONA,NOT,NOT,NOT,NOT,HAW_CR,HAW_KO,CR,OPEN,6188,HAW_CRKO_CR_OPEN,NOT,HAW_KONA,
106,MHI,Hawaii,HAW_KONA,Forereef,Mid,2362.718917,2327.554,Hawaii,HAW_KONA,HAW_KONA,NOT,NOT,NOT,NOT,HAW_CR,HAW_KO,CR,OPEN,9451,HAW_CRKO_CR_OPEN,NOT,HAW_KONA,
107,MHI,Hawaii,HAW_KONA,Forereef,Shallow,1817.863584,1203.535,Hawaii,HAW_KONA,HAW_KONA,NOT,NOT,NOT,NOT,HAW_CR,HAW_KO,CR,OPEN,7271,HAW_CRKO_CR_OPEN,NOT,HAW_KONA,
108,MHI,Hawaii,HAW_PUNA,Forereef,Deep,1446.862405,1428.938,Hawaii,HAW_PUNA,HAW_PUNA,NOT,NOT,NOT,NOT,HAW_CM,HAW_PU,CM,OPEN,5787,HAW_CMPU_CM_OPEN,NOT,HAW_PUNA,
109,MHI,Hawaii,HAW_PUNA,Forereef,Mid,1603.885128,1580.076,Hawaii,HAW_PUNA,HAW_PUNA,NOT,NOT,NOT,NOT,HAW_CM,HAW_PU,CM,OPEN,6416,HAW_CMPU_CM_OPEN,NOT,HAW_PUNA,
110,MHI,Hawaii,HAW_PUNA,Forereef,Shallow,1012.92738,379.364,Hawaii,HAW_PUNA,HAW_PUNA,NOT,NOT,NOT,NOT,HAW_CM,HAW_PU,CM,OPEN,4052,HAW_CMPU_CM_OPEN,NOT,HAW_PUNA,
111,MHI,Hawaii,HAW_SE,Forereef,Deep,593.4841055,657.562,Hawaii,HAW_SE,HAW_SE,NOT,NOT,NOT,NOT,HAW_CM,HAW_SE,CM,OPEN,2374,HAW_CMSE_CM_OPEN,NOT,HAW_SE,
112,MHI,Hawaii,HAW_SE,Forereef,Mid,857.7582457,720.215,Hawaii,HAW_SE,HAW_SE,NOT,NOT,NOT,NOT,HAW_CM,HAW_SE,CM,OPEN,3431,HAW_CMSE_CM_OPEN,NOT,HAW_SE,
113,MHI,Hawaii,HAW_SE,Forereef,Shallow,666.5433106,349.743,Hawaii,HAW_SE,HAW_SE,NOT,NOT,NOT,NOT,HAW_CM,HAW_SE,CM,OPEN,2666,HAW_CMSE_CM_OPEN,NOT,HAW_SE,
114,MHI,Kahoolawe,KAH_NORTH,Forereef,Deep,200,398.01,Maui-nui,KAH_NORTH,KAH_NORTH,NOT,NOT,NOT,NOT,KAH_CR,KAH_NO,CR,OPEN,811,KAH_CRNO_CR_OPEN,NOT,KAH_NORTH,Unkown Size .. Setting to 1/6 of our very rough ballpark estimate of habitat area. It seems low! Critical point for now is that all Kahoolawe sectors are eqaully sized
115,MHI,Kahoolawe,KAH_NORTH,Forereef,Mid,200,412.036,Maui-nui,KAH_NORTH,KAH_NORTH,NOT,NOT,NOT,NOT,KAH_CR,KAH_NO,CR,OPEN,811,KAH_CRNO_CR_OPEN,NOT,KAH_NORTH,Unkown Size .. Setting to 1/6 of our very rough ballpark estimate of habitat area. It seems low! Critical point for now is that all Kahoolawe sectors are eqaully sized
116,MHI,Kahoolawe,KAH_NORTH,Forereef,Shallow,200,155.352,Maui-nui,KAH_NORTH,KAH_NORTH,NOT,NOT,NOT,NOT,KAH_CR,KAH_NO,CR,OPEN,811,KAH_CRNO_CR_OPEN,NOT,KAH_NORTH,Unkown Size .. Setting to 1/6 of our very rough ballpark estimate of habitat area. It seems low! Critical point for now is that all Kahoolawe sectors are eqaully sized
117,MHI,Kahoolawe,KAH_SOUTH,Forereef,Deep,200,405.126,Maui-nui,KAH_SOUTH,KAH_SOUTH,NOT,NOT,NOT,NOT,KAH_CR,KAH_SO,CR,OPEN,944,KAH_CRSO_CR_OPEN,NOT,KAH_SOUTH,Unkown Size .. Setting to 1/6 of our very rough ballpark estimate of habitat area. It seems low! Critical point for now is that all Kahoolawe sectors are eqaully sized
118,MHI,Kahoolawe,KAH_SOUTH,Forereef,Mid,200,408.73,Maui-nui,KAH_SOUTH,KAH_SOUTH,NOT,NOT,NOT,NOT,KAH_CR,KAH_SO,CR,OPEN,944,KAH_CRSO_CR_OPEN,NOT,KAH_SOUTH,Unkown Size .. Setting to 1/6 of our very rough ballpark estimate of habitat area. It seems low! Critical point for now is that all Kahoolawe sectors are eqaully sized
119,MHI,Kahoolawe,KAH_SOUTH,Forereef,Shallow,200,83.763,Maui-nui,KAH_SOUTH,KAH_SOUTH,NOT,NOT,NOT,NOT,KAH_CR,KAH_SO,CR,OPEN,944,KAH_CRSO_CR_OPEN,NOT,KAH_SOUTH,Unkown Size .. Setting to 1/6 of our very rough ballpark estimate of habitat area. It seems low! Critical point for now is that all Kahoolawe sectors are eqaully sized
120,MHI,Kauai,KAU_EAST,Forereef,Deep,2891.111917,3566.238,Kaa-Nii,KAU_EAST,KAU_EAST,NOT,NOT,NOT,NOT,KAU_SI,KAU_EA,SI,OPEN,11564,KAU_SIEA_SI_OPEN,NOT,KAU_EAST,
121,MHI,Kauai,KAU_EAST,Forereef,Mid,5602.631417,5624.301,Kaa-Nii,KAU_EAST,KAU_EAST,NOT,NOT,NOT,NOT,KAU_SI,KAU_EA,SI,OPEN,22411,KAU_SIEA_SI_OPEN,NOT,KAU_EAST,
122,MHI,Kauai,KAU_EAST,Forereef,Shallow,3051.65048,1980.788,Kaa-Nii,KAU_EAST,KAU_EAST,NOT,NOT,NOT,NOT,KAU_SI,KAU_EA,SI,OPEN,12207,KAU_SIEA_SI_OPEN,NOT,KAU_EAST,
123,MHI,Kauai,KAU_NAPALI,Forereef,Deep,4307.948554,4534.546,Kaa-Nii,KAU_NAPALI,KAU_NAPALI,NOT,NOT,NOT,NOT,KAU_SI,KAU_NA,SI,OPEN,17232,KAU_SINA_SI_OPEN,NOT,KAU_NAPALI,
124,MHI,Kauai,KAU_NAPALI,Forereef,Mid,1876.001023,1918.399,Kaa-Nii,KAU_NAPALI,KAU_NAPALI,NOT,NOT,NOT,NOT,KAU_SI,KAU_NA,SI,OPEN,7504,KAU_SINA_SI_OPEN,NOT,KAU_NAPALI,
125,MHI,Kauai,KAU_NAPALI,Forereef,Shallow,397.7237848,404.552,Kaa-Nii,KAU_NAPALI,KAU_NAPALI,NOT,NOT,NOT,NOT,KAU_SI,KAU_NA,SI,OPEN,1591,KAU_SINA_SI_OPEN,NOT,KAU_NAPALI,
126,MHI,Kaula,KAL_KAULA,Forereef,Deep,277.0347708,46.995,Kaa-Nii,KAL_KAULA,KAL_KAULA,NOT,NOT,NOT,NOT,KAL_SI,KAL_AL,SI,OPEN,1108,KAL_SIAL_SI_OPEN,NOT,KAL_KAULA,
127,MHI,Kaula,KAL_KAULA,Forereef,Mid,50.28867577,37.685,Kaa-Nii,KAL_KAULA,KAL_KAULA,NOT,NOT,NOT,NOT,KAL_SI,KAL_AL,SI,OPEN,201,KAL_SIAL_SI_OPEN,NOT,KAL_KAULA,
128,MHI,Kaula,KAL_KAULA,Forereef,Shallow,18.50064904,19.685,Kaa-Nii,KAL_KAULA,KAL_KAULA,NOT,NOT,NOT,NOT,KAL_SI,KAL_AL,SI,OPEN,74,KAL_SIAL_SI_OPEN,NOT,KAL_KAULA,
129,MHI,Lanai,LAN_NORTH,Forereef,Deep,291.3020737,669.283,Maui-nui,LAN_NORTH,LAN_NORTH,NOT,NOT,NOT,NOT,LAN_CR,LAN_NO,CR,OPEN,1165,LAN_CRNO_CR_OPEN,NOT,LAN_NORTH,
130,MHI,Lanai,LAN_NORTH,Forereef,Mid,599.9003844,660.765,Maui-nui,LAN_NORTH,LAN_NORTH,NOT,NOT,NOT,NOT,LAN_CR,LAN_NO,CR,OPEN,2400,LAN_CRNO_CR_OPEN,NOT,LAN_NORTH,
131,MHI,Lanai,LAN_NORTH,Forereef,Shallow,631.8075072,279.898,Maui-nui,LAN_NORTH,LAN_NORTH,NOT,NOT,NOT,NOT,LAN_CR,LAN_NO,CR,OPEN,2527,LAN_CRNO_CR_OPEN,NOT,LAN_NORTH,
132,MHI,Lanai,LAN_SOUTH,Forereef,Deep,246.6043512,562.033,Maui-nui,LAN_SOUTH,LAN_SOUTH,NOT,NOT,NOT,NOT,LAN_CM,LAN_SO,CM,OPEN,986,LAN_CMSO_CM_OPEN,NOT,LAN_SOUTH,
133,MHI,Lanai,LAN_SOUTH,Forereef,Mid,487.9877445,696.589,Maui-nui,LAN_SOUTH,LAN_SOUTH,NOT,NOT,NOT,NOT,LAN_CM,LAN_SO,CM,OPEN,1952,LAN_CMSO_CM_OPEN,NOT,LAN_SOUTH,
134,MHI,Lanai,LAN_SOUTH,Forereef,Shallow,746.0718328,377.039,Maui-nui,LAN_SOUTH,LAN_SOUTH,NOT,NOT,NOT,NOT,LAN_CM,LAN_SO,CM,OPEN,2984,LAN_CMSO_CM_OPEN,NOT,LAN_SOUTH,
135,MHI,Maui,MAI_HANA,Forereef,Deep,225.5929875,286.115,Maui-nui,MAI_HANA,MAI_HANA,NOT,NOT,NOT,NOT,MAI_CM,MAI_HA,CM,OPEN,902,MAI_CMHA_CM_OPEN,NOT,MAI_HANA,
136,MHI,Maui,MAI_HANA,Forereef,Mid,258.3916816,311.183,Maui-nui,MAI_HANA,MAI_HANA,NOT,NOT,NOT,NOT,MAI_CM,MAI_HA,CM,OPEN,1034,MAI_CMHA_CM_OPEN,NOT,MAI_HANA,
137,MHI,Maui,MAI_HANA,Forereef,Shallow,190.0864145,163.287,Maui-nui,MAI_HANA,MAI_HANA,NOT,NOT,NOT,NOT,MAI_CM,MAI_HA,CM,OPEN,760,MAI_CMHA_CM_OPEN,NOT,MAI_HANA,
138,MHI,Maui,MAI_KAHULUI,Forereef,Deep,438.345922,509.323,Maui-nui,MAI_KAHULUI,MAI_KAHULUI,NOT,NOT,NOT,NOT,MAI_CM,MAI_KA,CM,OPEN,1753,MAI_CMKA_CM_OPEN,NOT,MAI_KAHULUI,
139,MHI,Maui,MAI_KAHULUI,Forereef,Mid,850.0936376,849.547,Maui-nui,MAI_KAHULUI,MAI_KAHULUI,NOT,NOT,NOT,NOT,MAI_CM,MAI_KA,CM,OPEN,3400,MAI_CMKA_CM_OPEN,NOT,MAI_KAHULUI,
140,MHI,Maui,MAI_KAHULUI,Forereef,Shallow,1099.201993,426.802,Maui-nui,MAI_KAHULUI,MAI_KAHULUI,NOT,NOT,NOT,NOT,MAI_CM,MAI_KA,CM,OPEN,4397,MAI_CMKA_CM_OPEN,NOT,MAI_KAHULUI,
141,MHI,Maui,MAI_KIHEI,Forereef,Deep,537.9614588,512.057,Maui-nui,MAI_KIHEI,MAI_KIHEI,NOT,NOT,NOT,NOT,MAI_CM,MAI_KI,CM,OPEN,2152,MAI_CMKI_CM_OPEN,NOT,MAI_KIHEI,
142,MHI,Maui,MAI_KIHEI,Forereef,Mid,682.5282166,694.973,Maui-nui,MAI_KIHEI,MAI_KIHEI,NOT,NOT,NOT,NOT,MAI_CM,MAI_KI,CM,OPEN,2730,MAI_CMKI_CM_OPEN,NOT,MAI_KIHEI,
143,MHI,Maui,MAI_KIHEI,Forereef,Shallow,650.0680159,276.307,Maui-nui,MAI_KIHEI,MAI_KIHEI,NOT,NOT,NOT,NOT,MAI_CM,MAI_KI,CM,OPEN,2600,MAI_CMKI_CM_OPEN,NOT,MAI_KIHEI,
144,MHI,Maui,MAI_LAHAINA,Forereef,Deep,287.1615845,348.11,Maui-nui,MAI_LAHAINA,MAI_LAHAINA,NOT,NOT,NOT,NOT,MAI_SI,MAI_LA,SI,OPEN,1149,MAI_SILA_SI_OPEN,NOT,MAI_LAHAINA,
145,MHI,Maui,MAI_LAHAINA,Forereef,Mid,483.9295632,539.595,Maui-nui,MAI_LAHAINA,MAI_LAHAINA,NOT,NOT,NOT,NOT,MAI_SI,MAI_LA,SI,OPEN,1936,MAI_SILA_SI_OPEN,NOT,MAI_LAHAINA,
146,MHI,Maui,MAI_LAHAINA,Forereef,Shallow,439.3470347,293.331,Maui-nui,MAI_LAHAINA,MAI_LAHAINA,NOT,NOT,NOT,NOT,MAI_SI,MAI_LA,SI,OPEN,1757,MAI_SILA_SI_OPEN,NOT,MAI_LAHAINA,
147,MHI,Maui,MAI_MOLOKINI,Forereef,Deep,6.25,11.144,Maui-nui,MAI_MOLOKINI,MAI_MOLOKINI,NOT,NOT,NOT,NOT,MAI_CR,MAI_MO,CR,OPEN,NA,MAI_CRMO_CR_OPEN,NOT,MAI_MOLOKINI,"Assume is 25ha, assume 50% is mid, split rest equally"
148,MHI,Maui,MAI_MOLOKINI,Forereef,Mid,12.5,9.237,Maui-nui,MAI_MOLOKINI,MAI_MOLOKINI,NOT,NOT,NOT,NOT,MAI_CR,MAI_MO,CR,OPEN,NA,MAI_CRMO_CR_OPEN,NOT,MAI_MOLOKINI,"Assume is 25ha, assume 50% is mid, split rest equally"
149,MHI,Maui,MAI_MOLOKINI,Forereef,Shallow,6.25,NA,Maui-nui,MAI_MOLOKINI,MAI_MOLOKINI,NOT,NOT,NOT,NOT,MAI_CR,MAI_MO,CR,OPEN,NA,MAI_CRMO_CR_OPEN,NOT,MAI_MOLOKINI,"Assume is 25ha, assume 50% is mid, split rest equally"
150,MHI,Maui,MAI_NE,Forereef,Deep,883.3579854,1010.805,Maui-nui,MAI_NE,MAI_NE,NOT,NOT,NOT,NOT,MAI_CM,MAI_NE,CM,OPEN,3533,MAI_CMNE_CM_OPEN,NOT,MAI_NE,
151,MHI,Maui,MAI_NE,Forereef,Mid,926.711758,969.792,Maui-nui,MAI_NE,MAI_NE,NOT,NOT,NOT,NOT,MAI_CM,MAI_NE,CM,OPEN,3707,MAI_CMNE_CM_OPEN,NOT,MAI_NE,
152,MHI,Maui,MAI_NE,Forereef,Shallow,481.2408332,340.999,Maui-nui,MAI_NE,MAI_NE,NOT,NOT,NOT,NOT,MAI_CM,MAI_NE,CM,OPEN,1925,MAI_CMNE_CM_OPEN,NOT,MAI_NE,
153,MHI,Maui,MAI_NW,Forereef,Deep,315.7175228,358.524,Maui-nui,MAI_NW,MAI_NW,NOT,NOT,NOT,NOT,MAI_CM,MAI_NW,CM,OPEN,1263,MAI_CMNW_CM_OPEN,NOT,MAI_NW,
154,MHI,Maui,MAI_NW,Forereef,Mid,287.74445,323.292,Maui-nui,MAI_NW,MAI_NW,NOT,NOT,NOT,NOT,MAI_CM,MAI_NW,CM,OPEN,1151,MAI_CMNW_CM_OPEN,NOT,MAI_NW,
155,MHI,Maui,MAI_NW,Forereef,Shallow,176.1167662,125.942,Maui-nui,MAI_NW,MAI_NW,NOT,NOT,NOT,NOT,MAI_CM,MAI_NW,CM,OPEN,704,MAI_CMNW_CM_OPEN,NOT,MAI_NW,
156,MHI,Maui,MAI_SE,Forereef,Deep,788.37286,1029.029,Maui-nui,MAI_SE,MAI_SE,NOT,NOT,NOT,NOT,MAI_CM,MAI_SE,CM,OPEN,3153,MAI_CMSE_CM_OPEN,NOT,MAI_SE,
157,MHI,Maui,MAI_SE,Forereef,Mid,690.2023226,828.884,Maui-nui,MAI_SE,MAI_SE,NOT,NOT,NOT,NOT,MAI_CM,MAI_SE,CM,OPEN,2761,MAI_CMSE_CM_OPEN,NOT,MAI_SE,
158,MHI,Maui,MAI_SE,Forereef,Shallow,405.0121276,303.982,Maui-nui,MAI_SE,MAI_SE,NOT,NOT,NOT,NOT,MAI_CM,MAI_SE,CM,OPEN,1620,MAI_CMSE_CM_OPEN,NOT,MAI_SE,
159,MHI,Molokai,MOL_NW,Forereef,Deep,733.1293957,850.963,Maui-nui,MOL_NW,MOL_NW,NOT,NOT,NOT,NOT,MOL_SI,MOL_NW,SI,OPEN,2933,MOL_SINW_SI_OPEN,NOT,MOL_NW,
160,MHI,Molokai,MOL_NW,Forereef,Mid,601.1779629,854.973,Maui-nui,MOL_NW,MOL_NW,NOT,NOT,NOT,NOT,MOL_SI,MOL_NW,SI,OPEN,2405,MOL_SINW_SI_OPEN,NOT,MOL_NW,
161,MHI,Molokai,MOL_NW,Forereef,Shallow,501.1542337,285.327,Maui-nui,MOL_NW,MOL_NW,NOT,NOT,NOT,NOT,MOL_SI,MOL_NW,SI,OPEN,2005,MOL_SINW_SI_OPEN,NOT,MOL_NW,
162,MHI,Molokai,MOL_PALI,Forereef,Deep,634.0842128,809.773,Maui-nui,MOL_PALI,MOL_PALI,NOT,NOT,NOT,NOT,MOL_CM,MOL_PA,CM,OPEN,2536,MOL_CMPA_CM_OPEN,NOT,MOL_PALI,
163,MHI,Molokai,MOL_PALI,Forereef,Mid,467.9624676,787.998,Maui-nui,MOL_PALI,MOL_PALI,NOT,NOT,NOT,NOT,MOL_CM,MOL_PA,CM,OPEN,1872,MOL_CMPA_CM_OPEN,NOT,MOL_PALI,
164,MHI,Molokai,MOL_PALI,Forereef,Shallow,516.2585992,317.29,Maui-nui,MOL_PALI,MOL_PALI,NOT,NOT,NOT,NOT,MOL_CM,MOL_PA,CM,OPEN,2065,MOL_CMPA_CM_OPEN,NOT,MOL_PALI,
165,MHI,Molokai,MOL_SOUTH,Forereef,Deep,603.9775235,943.82,Maui-nui,MOL_SOUTH,MOL_SOUTH,NOT,NOT,NOT,NOT,MOL_CR,MOL_SO,CR,OPEN,2416,MOL_CRSO_CR_OPEN,NOT,MOL_SOUTH,
166,MHI,Molokai,MOL_SOUTH,Forereef,Mid,1293.344283,1548.886,Maui-nui,MOL_SOUTH,MOL_SOUTH,NOT,NOT,NOT,NOT,MOL_CR,MOL_SO,CR,OPEN,5173,MOL_CRSO_CR_OPEN,NOT,MOL_SOUTH,
167,MHI,Molokai,MOL_SOUTH,Forereef,Shallow,4232.003508,1424.864,Maui-nui,MOL_SOUTH,MOL_SOUTH,NOT,NOT,NOT,NOT,MOL_CR,MOL_SO,CR,OPEN,16928,MOL_CRSO_CR_OPEN,NOT,MOL_SOUTH,
168,MHI,Molokai,MOL_WEST,Forereef,Deep,1384.213479,1873.819,Maui-nui,MOL_WEST,MOL_WEST,NOT,NOT,NOT,NOT,MOL_SI,MOL_WE,SI,OPEN,5537,MOL_SIWE_SI_OPEN,NOT,MOL_WEST,
169,MHI,Molokai,MOL_WEST,Forereef,Mid,1250.749123,1333.946,Maui-nui,MOL_WEST,MOL_WEST,NOT,NOT,NOT,NOT,MOL_SI,MOL_WE,SI,OPEN,5003,MOL_SIWE_SI_OPEN,NOT,MOL_WEST,
170,MHI,Molokai,MOL_WEST,Forereef,Shallow,512.2388267,283.899,Maui-nui,MOL_WEST,MOL_WEST,NOT,NOT,NOT,NOT,MOL_SI,MOL_WE,SI,OPEN,2049,MOL_SIWE_SI_OPEN,NOT,MOL_WEST,
171,MHI,Niihau,NII_EAST,Forereef,Deep,1027.496786,1354.142,Kaa-Nii,NII_EAST,NII_EAST,NOT,NOT,NOT,NOT,NII_SI,NII_EA,SI,OPEN,4110,NII_SIEA_SI_OPEN,NOT,NII_EAST,
172,MHI,Niihau,NII_EAST,Forereef,Mid,1137.990268,916.166,Kaa-Nii,NII_EAST,NII_EAST,NOT,NOT,NOT,NOT,NII_SI,NII_EA,SI,OPEN,4552,NII_SIEA_SI_OPEN,NOT,NII_EAST,
173,MHI,Niihau,NII_EAST,Forereef,Shallow,613.9646175,422.42,Kaa-Nii,NII_EAST,NII_EAST,NOT,NOT,NOT,NOT,NII_SI,NII_EA,SI,OPEN,2456,NII_SIEA_SI_OPEN,NOT,NII_EAST,
174,MHI,Niihau,NII_LEHUA,Forereef,Deep,263,254.114,Kaa-Nii,NII_LEHUA,NII_LEHUA,NOT,NOT,NOT,NOT,NII_CM,NII_LE,CM,OPEN,1052,NII_CMLE_CM_OPEN,NOT,NII_LEHUA,
175,MHI,Niihau,NII_LEHUA,Forereef,Mid,487.75,608.041,Kaa-Nii,NII_LEHUA,NII_LEHUA,NOT,NOT,NOT,NOT,NII_CM,NII_LE,CM,OPEN,1951,NII_CMLE_CM_OPEN,NOT,NII_LEHUA,
176,MHI,Niihau,NII_LEHUA,Forereef,Shallow,354.75,246.737,Kaa-Nii,NII_LEHUA,NII_LEHUA,NOT,NOT,NOT,NOT,NII_CM,NII_LE,CM,OPEN,1419,NII_CMLE_CM_OPEN,NOT,NII_LEHUA,
177,MHI,Niihau,NII_WEST,Forereef,Deep,1468.465202,1654.494,Kaa-Nii,NII_WEST,NII_WEST,NOT,NOT,NOT,NOT,NII_SI,NII_WE,SI,OPEN,5874,NII_SIWE_SI_OPEN,NOT,NII_WEST,
178,MHI,Niihau,NII_WEST,Forereef,Mid,2992.988492,3048.283,Kaa-Nii,NII_WEST,NII_WEST,NOT,NOT,NOT,NOT,NII_SI,NII_WE,SI,OPEN,11972,NII_SIWE_SI_OPEN,NOT,NII_WEST,
179,MHI,Niihau,NII_WEST,Forereef,Shallow,919.395945,588.875,Kaa-Nii,NII_WEST,NII_WEST,NOT,NOT,NOT,NOT,NII_SI,NII_WE,SI,OPEN,3678,NII_SIWE_SI_OPEN,NOT,NII_WEST,
180,MHI,Oahu,OAH_EAST,Forereef,Deep,978.9371021,1098.475,Oahu,OAH_EAST,OAH_EAST,NOT,NOT,NOT,NOT,OAH_CM,OAH_EA,SI,OPEN,3916,OAH_CMEA_SI_OPEN,NOT,OAH_EAST,
181,MHI,Oahu,OAH_EAST,Forereef,Mid,1848.277607,1785.084,Oahu,OAH_EAST,OAH_EAST,NOT,NOT,NOT,NOT,OAH_CM,OAH_EA,SI,OPEN,7393,OAH_CMEA_SI_OPEN,NOT,OAH_EAST,
182,MHI,Oahu,OAH_EAST,Forereef,Shallow,1541.871579,278.341,Oahu,OAH_EAST,OAH_EAST,NOT,NOT,NOT,NOT,OAH_CM,OAH_EA,SI,OPEN,6167,OAH_CMEA_SI_OPEN,NOT,OAH_EAST,
183,MHI,Oahu,OAH_KAENA,Forereef,Deep,673.0399306,801.531,Oahu,OAH_KAENA,OAH_KAENA,NOT,NOT,NOT,NOT,OAH_CM,OAH_KA,SI,OPEN,2692,OAH_CMKA_SI_OPEN,NOT,OAH_KAENA,
184,MHI,Oahu,OAH_KAENA,Forereef,Mid,632.1302084,754.621,Oahu,OAH_KAENA,OAH_KAENA,NOT,NOT,NOT,NOT,OAH_CM,OAH_KA,SI,OPEN,2529,OAH_CMKA_SI_OPEN,NOT,OAH_KAENA,
185,MHI,Oahu,OAH_KAENA,Forereef,Shallow,343.0090114,289.693,Oahu,OAH_KAENA,OAH_KAENA,NOT,NOT,NOT,NOT,OAH_CM,OAH_KA,SI,OPEN,1372,OAH_CMKA_SI_OPEN,NOT,OAH_KAENA,
186,MHI,Oahu,OAH_NE,Forereef,Deep,605.4764457,635.522,Oahu,OAH_NE,OAH_NE,NOT,NOT,NOT,NOT,OAH_SI,OAH_NE,SI,OPEN,2422,OAH_SINE_SI_OPEN,NOT,OAH_NE,
187,MHI,Oahu,OAH_NE,Forereef,Mid,3213.604407,3274.097,Oahu,OAH_NE,OAH_NE,NOT,NOT,NOT,NOT,OAH_SI,OAH_NE,SI,OPEN,12854,OAH_SINE_SI_OPEN,NOT,OAH_NE,
188,MHI,Oahu,OAH_NE,Forereef,Shallow,3680.967178,1487.153,Oahu,OAH_NE,OAH_NE,NOT,NOT,NOT,NOT,OAH_SI,OAH_NE,SI,OPEN,14724,OAH_SINE_SI_OPEN,NOT,OAH_NE,
189,MHI,Oahu,OAH_NORTH,Forereef,Deep,556.2921428,916.977,Oahu,OAH_NORTH,OAH_NORTH,NOT,NOT,NOT,NOT,OAH_SI,OAH_NO,SI,OPEN,2225,OAH_SINO_SI_OPEN,NOT,OAH_NORTH,
190,MHI,Oahu,OAH_NORTH,Forereef,Mid,1146.80066,1360.659,Oahu,OAH_NORTH,OAH_NORTH,NOT,NOT,NOT,NOT,OAH_SI,OAH_NO,SI,OPEN,4587,OAH_SINO_SI_OPEN,NOT,OAH_NORTH,
191,MHI,Oahu,OAH_NORTH,Forereef,Shallow,856.7078885,805.7,Oahu,OAH_NORTH,OAH_NORTH,NOT,NOT,NOT,NOT,OAH_SI,OAH_NO,SI,OPEN,3427,OAH_SINO_SI_OPEN,NOT,OAH_NORTH,
192,MHI,Oahu,OAH_SOUTH,Forereef,Deep,1457.29677,1619.334,Oahu,OAH_SOUTH,OAH_SOUTH,NOT,NOT,NOT,NOT,OAH_SI,OAH_SO,SI,OPEN,5829,OAH_SISO_SI_OPEN,NOT,OAH_SOUTH,
193,MHI,Oahu,OAH_SOUTH,Forereef,Mid,3926.206706,4511.474,Oahu,OAH_SOUTH,OAH_SOUTH,NOT,NOT,NOT,NOT,OAH_SI,OAH_SO,SI,OPEN,15705,OAH_SISO_SI_OPEN,NOT,OAH_SOUTH,
194,MHI,Oahu,OAH_SOUTH,Forereef,Shallow,3658.205214,3282.412,Oahu,OAH_SOUTH,OAH_SOUTH,NOT,NOT,NOT,NOT,OAH_SI,OAH_SO,SI,OPEN,14633,OAH_SISO_SI_OPEN,NOT,OAH_SOUTH,
195,NWHI,Brooks,Brooks,Forereef,Deep,66.21195617,NA,NWHI_NOT_NCRMP,Brooks,Brooks,NOT,NOT,NOT,NOT,Brooks,Brooks,NOT,BANK,66,Brooks_BANK,NOT,Brooks,
196,NWHI,French Frigate,French Frigate,Backreef,Mid,56.00798857,96.397,NWHI,French Frigate,French Frigate,NOT,NOT,NOT,NOT,FFS,FFS,NOT,PMNM,35,FFS,NOT,French Frigate,
197,NWHI,French Frigate,French Frigate,Backreef,Shallow,1079.678505,1061.982,NWHI,French Frigate,French Frigate,NOT,NOT,NOT,NOT,FFS,FFS,NOT,PMNM,635,FFS,NOT,French Frigate,
198,NWHI,French Frigate,French Frigate,Forereef,Deep,247.22,1418.107,NWHI,French Frigate,French Frigate,NOT,NOT,NOT,NOT,FFS,FFS,NOT,PMNM,3237,FFS,NOT,French Frigate,
199,NWHI,French Frigate,French Frigate,Forereef,Mid,4498.01,3391.242,NWHI,French Frigate,French Frigate,NOT,NOT,NOT,NOT,FFS,FFS,NOT,PMNM,4787,FFS,NOT,French Frigate,
200,NWHI,French Frigate,French Frigate,Forereef,Shallow,652.92,714.307,NWHI,French Frigate,French Frigate,NOT,NOT,NOT,NOT,FFS,FFS,NOT,PMNM,849,FFS,NOT,French Frigate,
201,NWHI,French Frigate,French Frigate,Lagoon,Mid,7827.37,11564.615,NWHI,French Frigate,French Frigate,NOT,NOT,NOT,NOT,FFS,FFS,NOT,PMNM,11060,FFS,NOT,French Frigate,
202,NWHI,French Frigate,French Frigate,Lagoon,Shallow,1900.78,1752.89,NWHI,French Frigate,French Frigate,NOT,NOT,NOT,NOT,FFS,FFS,NOT,PMNM,2139,FFS,NOT,French Frigate,
203,NWHI,French Frigate,French Frigate,Protected Slope,Deep,8082.28,19117.575,NWHI,French Frigate,French Frigate,NOT,NOT,NOT,NOT,FFS,FFS,NOT,PMNM,32329.12,FFS,NOT,French Frigate,
204,NWHI,French Frigate,French Frigate,Protected Slope,Mid,3420.42,2549.765,NWHI,French Frigate,French Frigate,NOT,NOT,NOT,NOT,FFS,FFS,NOT,PMNM,13681.68,FFS,NOT,French Frigate,
205,NWHI,French Frigate,French Frigate,Protected Slope,Shallow,1,1.907,NWHI,French Frigate,French Frigate,NOT,NOT,NOT,NOT,FFS,FFS,NOT,PMNM,4,FFS,NOT,French Frigate,We have 2 sites now called Protected Slope Shallow. They possibly should be Lagoon or something else.. But we do need a sector value for now
206,SAMOA,Tutuila,TUT_AUNUU_A,Forereef,Deep,79.25,NA,TUT_NTH,TUT_NE_OPEN,Tutuila,NOT,NOT,TUT_NE,TUT_NE_OPEN,TUT_NE,TUT_NE,NOT,AUNA,317,TUT_NE_AUNA,TUT_AUNUU,TUT_AUNUU_A,
207,SAMOA,Tutuila,TUT_AUNUU_A,Forereef,Mid,151.55944,NA,TUT_NTH,TUT_NE_OPEN,Tutuila,NOT,NOT,TUT_NE,TUT_NE_OPEN,TUT_NE,TUT_NE,NOT,AUNA,606,TUT_NE_AUNA,TUT_AUNUU,TUT_AUNUU_A,
208,SAMOA,Tutuila,TUT_AUNUU_A,Forereef,Shallow,22.626828,NA,TUT_NTH,TUT_NE_OPEN,Tutuila,NOT,NOT,TUT_NE,TUT_NE_OPEN,TUT_NE,TUT_NE,NOT,AUNA,91,TUT_NE_AUNA,TUT_AUNUU,TUT_AUNUU_A,
209,SAMOA,Tutuila,TUT_FAGALUA,Forereef,Deep,7.729803,NA,TUT_STH,TUT_SW_OPEN,Tutuila,NOT,NOT,TUT_SW_OPEN,TUT_SW_OPEN,TUT_SW,TUT_SW,NOT,FAGL,31,TUT_SW_FAGL,TUT_FAGALUA_FAGATELE,TUT_FAGALUA_FAGATELE,
210,SAMOA,Tutuila,TUT_FAGALUA,Forereef,Mid,27.717142,NA,TUT_STH,TUT_SW_OPEN,Tutuila,NOT,NOT,TUT_SW_OPEN,TUT_SW_OPEN,TUT_SW,TUT_SW,NOT,FAGL,111,TUT_SW_FAGL,TUT_FAGALUA_FAGATELE,TUT_FAGALUA_FAGATELE,
211,SAMOA,Tutuila,TUT_FAGALUA,Forereef,Shallow,6.628024,NA,TUT_STH,TUT_SW_OPEN,Tutuila,NOT,NOT,TUT_SW_OPEN,TUT_SW_OPEN,TUT_SW,TUT_SW,NOT,FAGL,27,TUT_SW_FAGL,TUT_FAGALUA_FAGATELE,TUT_FAGALUA_FAGATELE,
212,NWHI,Gardner,Gardner,Forereef,Deep,28559.86045,NA,NWHI_NOT_NCRMP,Gardner,Gardner,NOT,NOT,NOT,NOT,GAR,GAR,NOT,PMNM,28560,GAR,NOT,Gardner,"Virtually no bathymetry, huge uncertainty, assuming 90% of roughly estimates bottom is in deep forereef"
213,NWHI,Gardner,Gardner,Forereef,Mid,1586.658914,NA,NWHI_NOT_NCRMP,Gardner,Gardner,NOT,NOT,NOT,NOT,GAR,GAR,NOT,PMNM,1587,GAR,NOT,Gardner,"Virtually no bathymetry, huge uncertainty, assuming 90% of roughly estimates bottom is in deep forereef"
214,NWHI,Gardner,Gardner,Forereef,Shallow,1586.658914,NA,NWHI_NOT_NCRMP,Gardner,Gardner,NOT,NOT,NOT,NOT,GAR,GAR,NOT,PMNM,1587,GAR,NOT,Gardner,"Virtually no bathymetry, huge uncertainty, assuming 90% of roughly estimates bottom is in deep forereef"
215,NWHI,Kure,Kure,Backreef,Mid,0.694431419,3.215,NWHI,Kure,Kure,NOT,NOT,NOT,NOT,KUR,KUR,NOT,PMNM,1,KUR,NOT,Kure,
216,NWHI,Kure,Kure,Backreef,Shallow,312.5339812,606.175,NWHI,Kure,Kure,NOT,NOT,NOT,NOT,KUR,KUR,NOT,PMNM,313,KUR,NOT,Kure,
217,NWHI,Kure,Kure,Forereef,Deep,1122.511521,392.527,NWHI,Kure,Kure,NOT,NOT,NOT,NOT,KUR,KUR,NOT,PMNM,1123,KUR,NOT,Kure,
218,NWHI,Kure,Kure,Forereef,Mid,1096.142722,1039.182,NWHI,Kure,Kure,NOT,NOT,NOT,NOT,KUR,KUR,NOT,PMNM,1096,KUR,NOT,Kure,
219,NWHI,Kure,Kure,Forereef,Shallow,219.8318451,228.377,NWHI,Kure,Kure,NOT,NOT,NOT,NOT,KUR,KUR,NOT,PMNM,220,KUR,NOT,Kure,
220,NWHI,Kure,Kure,Lagoon,Mid,146.065072,143.01,NWHI,Kure,Kure,NOT,NOT,NOT,NOT,KUR,KUR,NOT,PMNM,146,KUR,NOT,Kure,
221,NWHI,Kure,Kure,Lagoon,Shallow,801.5929159,599.045,NWHI,Kure,Kure,NOT,NOT,NOT,NOT,KUR,KUR,NOT,PMNM,802,KUR,NOT,Kure,
222,NWHI,Laysan,Laysan,Forereef,Deep,1763.688407,8325.64,NWHI,Laysan,Laysan,NOT,NOT,NOT,NOT,LAY,LAY,NOT,PMNM,1764,LAY,NOT,Laysan,"Very rough guess, many many estimations"
223,NWHI,Laysan,Laysan,Forereef,Mid,1435.923054,688.08,NWHI,Laysan,Laysan,NOT,NOT,NOT,NOT,LAY,LAY,NOT,PMNM,1436,LAY,NOT,Laysan,"Very rough guess, many many estimations"
224,NWHI,Laysan,Laysan,Forereef,Shallow,200,81.04,NWHI,Laysan,Laysan,NOT,NOT,NOT,NOT,LAY,LAY,NOT,PMNM,200,LAY,NOT,Laysan,"Very rough guess, many many estimations"
225,NWHI,Lisianski,Lisianski,Forereef,Deep,14059.07869,20386.472,NWHI,Lisianski,Lisianski,NOT,NOT,NOT,NOT,LIS,LIS,NOT,PMNM,14059,LIS,NOT,Lisianski,Major unknowns in maps - habitat and bathymetry ..lots of guesstimation .. Potential to be VERY wrong
226,NWHI,Lisianski,Lisianski,Forereef,Mid,11054.46672,7405.346,NWHI,Lisianski,Lisianski,NOT,NOT,NOT,NOT,LIS,LIS,NOT,PMNM,11054,LIS,NOT,Lisianski,Major unknowns in maps - habitat and bathymetry ..lots of guesstimation .. Potential to be VERY wrong
227,NWHI,Lisianski,Lisianski,Forereef,Shallow,5841.383859,1942.161,NWHI,Lisianski,Lisianski,NOT,NOT,NOT,NOT,LIS,LIS,NOT,PMNM,5841,LIS,NOT,Lisianski,Major unknowns in maps - habitat and bathymetry ..lots of guesstimation .. Potential to be VERY wrong
228,NWHI,Maro,Maro,Backreef,Deep,4466.87792,9543.92,NWHI,Maro,Maro,NOT,NOT,NOT,NOT,MAR,MAR,NOT,PMNM,4467,MAR,NOT,Maro,
229,NWHI,Maro,Maro,Backreef,Mid,3728.607834,1814.16,NWHI,Maro,Maro,NOT,NOT,NOT,NOT,MAR,MAR,NOT,PMNM,3729,MAR,NOT,Maro,
230,NWHI,Maro,Maro,Forereef,Deep,5403.476117,44424.64,NWHI,Maro,Maro,NOT,NOT,NOT,NOT,MAR,MAR,NOT,PMNM,5403,MAR,NOT,Maro,
231,NWHI,Maro,Maro,Forereef,Mid,14308.88263,22408.68,NWHI,Maro,Maro,NOT,NOT,NOT,NOT,MAR,MAR,NOT,PMNM,14309,MAR,NOT,Maro,
232,NWHI,Maro,Maro,Forereef,Shallow,5894.320658,632.12,NWHI,Maro,Maro,NOT,NOT,NOT,NOT,MAR,MAR,NOT,PMNM,5894,MAR,NOT,Maro,
233,NWHI,Maro,Maro,Lagoon,Mid,207.821398,1207.28,NWHI,Maro,Maro,NOT,NOT,NOT,NOT,MAR,MAR,NOT,PMNM,208,MAR,NOT,Maro,
234,NWHI,Maro,Maro,Lagoon,Shallow,182.6414462,617.72,NWHI,Maro,Maro,NOT,NOT,NOT,NOT,MAR,MAR,NOT,PMNM,183,MAR,NOT,Maro,
235,NWHI,Midway,Midway,Backreef,Deep,0.009372889,NA,NWHI,Midway,Midway,NOT,NOT,NOT,NOT,MID,MID,NOT,PMNM,0,MID,NOT,Midway,
236,NWHI,Midway,Midway,Backreef,Mid,4.95344021,0.632,NWHI,Midway,Midway,NOT,NOT,NOT,NOT,MID,MID,NOT,PMNM,5,MID,NOT,Midway,
237,NWHI,Midway,Midway,Backreef,Shallow,409.997152,431.367,NWHI,Midway,Midway,NOT,NOT,NOT,NOT,MID,MID,NOT,PMNM,410,MID,NOT,Midway,
238,NWHI,Midway,Midway,Forereef,Deep,1566.839533,1520.057,NWHI,Midway,Midway,NOT,NOT,NOT,NOT,MID,MID,NOT,PMNM,1567,MID,NOT,Midway,
239,NWHI,Midway,Midway,Forereef,Mid,1472.589454,1327.102,NWHI,Midway,Midway,NOT,NOT,NOT,NOT,MID,MID,NOT,PMNM,1473,MID,NOT,Midway,
240,NWHI,Midway,Midway,Forereef,Shallow,254.2145327,566.505,NWHI,Midway,Midway,NOT,NOT,NOT,NOT,MID,MID,NOT,PMNM,254,MID,NOT,Midway,
241,NWHI,Midway,Midway,Lagoon,Deep,0.005735694,NA,NWHI,Midway,Midway,NOT,NOT,NOT,NOT,MID,MID,NOT,PMNM,0,MID,NOT,Midway,
242,NWHI,Midway,Midway,Lagoon,Mid,396.1011223,125.527,NWHI,Midway,Midway,NOT,NOT,NOT,NOT,MID,MID,NOT,PMNM,396,MID,NOT,Midway,
243,NWHI,Midway,Midway,Lagoon,Shallow,890.879595,1303.472,NWHI,Midway,Midway,NOT,NOT,NOT,NOT,MID,MID,NOT,PMNM,891,MID,NOT,Midway,
244,NWHI,Necker,Necker,Forereef,Deep,491.2692997,NA,NWHI_NOT_NCRMP,Necker,Necker,NOT,NOT,NOT,NOT,NEC,NEC,NOT,PMNM,491,NEC,NOT,Necker,
245,NWHI,Necker,Necker,Forereef,Mid,136.8155079,NA,NWHI_NOT_NCRMP,Necker,Necker,NOT,NOT,NOT,NOT,NEC,NEC,NOT,PMNM,137,NEC,NOT,Necker,
246,NWHI,Necker,Necker,Forereef,Shallow,8.536971662,NA,NWHI_NOT_NCRMP,Necker,Necker,NOT,NOT,NOT,NOT,NEC,NEC,NOT,PMNM,9,NEC,NOT,Necker,
247,NWHI,Nihoa,Nihoa,Forereef,Deep,351.5016844,NA,NWHI_NOT_NCRMP,Nihoa,Nihoa,NOT,NOT,NOT,NOT,NIH,NIH,NOT,PMNM,352,NIH,NOT,Nihoa,Gaps in bathymetry
248,NWHI,Nihoa,Nihoa,Forereef,Mid,52.68378472,NA,NWHI_NOT_NCRMP,Nihoa,Nihoa,NOT,NOT,NOT,NOT,NIH,NIH,NOT,PMNM,53,NIH,NOT,Nihoa,Gaps in bathymetry
249,NWHI,Nihoa,Nihoa,Forereef,Shallow,5.680626717,NA,NWHI_NOT_NCRMP,Nihoa,Nihoa,NOT,NOT,NOT,NOT,NIH,NIH,NOT,PMNM,6,NIH,NOT,Nihoa,Gaps in bathymetry
250,NWHI,Pearl & Hermes,Pearl & Hermes,Backreef,Mid,48.85735714,57.075,NWHI,Pearl & Hermes,Pearl & Hermes,NOT,NOT,NOT,NOT,PHR,PHR,NOT,PMNM,49,PHR,NOT,Pearl & Hermes,
251,NWHI,Pearl & Hermes,Pearl & Hermes,Backreef,Shallow,1422.620999,2017.925,NWHI,Pearl & Hermes,Pearl & Hermes,NOT,NOT,NOT,NOT,PHR,PHR,NOT,PMNM,1423,PHR,NOT,Pearl & Hermes,
252,NWHI,Pearl & Hermes,Pearl & Hermes,Forereef,Deep,2427.794421,3768.35,NWHI,Pearl & Hermes,Pearl & Hermes,NOT,NOT,NOT,NOT,PHR,PHR,NOT,PMNM,2428,PHR,NOT,Pearl & Hermes,
253,NWHI,Pearl & Hermes,Pearl & Hermes,Forereef,Mid,5454.131479,3806.427,NWHI,Pearl & Hermes,Pearl & Hermes,NOT,NOT,NOT,NOT,PHR,PHR,NOT,PMNM,5454,PHR,NOT,Pearl & Hermes,
254,NWHI,Pearl & Hermes,Pearl & Hermes,Forereef,Shallow,615.6033439,447.93,NWHI,Pearl & Hermes,Pearl & Hermes,NOT,NOT,NOT,NOT,PHR,PHR,NOT,PMNM,616,PHR,NOT,Pearl & Hermes,
255,NWHI,Pearl & Hermes,Pearl & Hermes,Lagoon,Mid,2681.950925,8262.357,NWHI,Pearl & Hermes,Pearl & Hermes,NOT,NOT,NOT,NOT,PHR,PHR,NOT,PMNM,2682,PHR,NOT,Pearl & Hermes,
256,NWHI,Pearl & Hermes,Pearl & Hermes,Lagoon,Shallow,5161.106161,4028.642,NWHI,Pearl & Hermes,Pearl & Hermes,NOT,NOT,NOT,NOT,PHR,PHR,NOT,PMNM,5161,PHR,NOT,Pearl & Hermes,
257,NWHI,Pioneer,Pioneer,Forereef,Deep,5.320384168,NA,NWHI_NOT_NCRMP,Pioneer,Pioneer,NOT,NOT,NOT,NOT,Pioneer,Pioneer,NOT,BANK,5,Pioneer,NOT,Pioneer,
258,NWHI,Raita,Raita,Forereef,Deep,3118.12,NA,NWHI_NOT_NCRMP,Raita,Raita,NOT,NOT,NOT,NOT,Raita,Raita,NOT,BANK,3118,Raita,NOT,Raita,
259,NWHI,Raita,Raita,Forereef,Mid,335.75,NA,NWHI_NOT_NCRMP,Raita,Raita,NOT,NOT,NOT,NOT,Raita,Raita,NOT,BANK,336,Raita,NOT,Raita,
260,NWHI,StRogatine,StRogatine,Forereef,Deep,1726.935,NA,NWHI_NOT_NCRMP,StRogatine,StRogatine,NOT,NOT,NOT,NOT,StRogatine,StRogatine,NOT,BANK,1727,StRogatine,NOT,StRogatine,
261,PRIAs,Baker,Baker,Forereef,Deep,60.02154356,NA,How_Bak,Baker,Baker,NOT,NOT,NOT,NOT,BAK,BAK,NOT,PRIMNM,240,BAK,NOT,Baker,
262,PRIAs,Baker,Baker,Forereef,Mid,118.6325616,NA,How_Bak,Baker,Baker,NOT,NOT,NOT,NOT,BAK,BAK,NOT,PRIMNM,475,BAK,NOT,Baker,
263,PRIAs,Baker,Baker,Forereef,Shallow,211.6216964,NA,How_Bak,Baker,Baker,NOT,NOT,NOT,NOT,BAK,BAK,NOT,PRIMNM,846,BAK,NOT,Baker,
264,PRIAs,Howland,Howland,Forereef,Deep,18.78664183,NA,How_Bak,Howland,Howland,NOT,NOT,NOT,NOT,HOW,HOW,NOT,PRIMNM,75,HOW,NOT,Howland,
265,PRIAs,Howland,Howland,Forereef,Mid,40.21083959,NA,How_Bak,Howland,Howland,NOT,NOT,NOT,NOT,HOW,HOW,NOT,PRIMNM,161,HOW,NOT,Howland,
266,PRIAs,Howland,Howland,Forereef,Shallow,113.8553854,NA,How_Bak,Howland,Howland,NOT,NOT,NOT,NOT,HOW,HOW,NOT,PRIMNM,455,HOW,NOT,Howland,
267,PRIAs,Jarvis,Jarvis,Forereef,Deep,19.64306398,NA,Jarvis,Jarvis,Jarvis,NOT,NOT,NOT,NOT,JAR,JAR,NOT,PRIMNM,79,JAR,NOT,Jarvis,
268,PRIAs,Jarvis,Jarvis,Forereef,Mid,191.1130626,NA,Jarvis,Jarvis,Jarvis,NOT,NOT,NOT,NOT,JAR,JAR,NOT,PRIMNM,764,JAR,NOT,Jarvis,
269,PRIAs,Jarvis,Jarvis,Forereef,Shallow,155.1495257,NA,Jarvis,Jarvis,Jarvis,NOT,NOT,NOT,NOT,JAR,JAR,NOT,PRIMNM,621,JAR,NOT,Jarvis,
270,PRIAs,Johnston,Johnston,Backreef,Mid,24.08,NA,Johnston,Johnston,Johnston,NOT,NOT,NOT,NOT,JOH,JOH,NOT,PRIMNM,96,JOH,NOT,Johnston,Assumes 80% hard - should pool this very small amout of mid with shallow
271,PRIAs,Johnston,Johnston,Backreef,Shallow,333.2,NA,Johnston,Johnston,Johnston,NOT,NOT,NOT,NOT,JOH,JOH,NOT,PRIMNM,1333,JOH,NOT,Johnston,Assumes 80% hard
272,PRIAs,Johnston,Johnston,Forereef,Deep,107.38,NA,Johnston,Johnston,Johnston,NOT,NOT,NOT,NOT,JOH,JOH,NOT,PRIMNM,430,JOH,NOT,Johnston,Assumes 98% hardbottom
273,PRIAs,Johnston,Johnston,Forereef,Mid,242.05,NA,Johnston,Johnston,Johnston,NOT,NOT,NOT,NOT,JOH,JOH,NOT,PRIMNM,968,JOH,NOT,Johnston,Assumes 98% hardbottom
274,PRIAs,Johnston,Johnston,Forereef,Shallow,283.22,NA,Johnston,Johnston,Johnston,NOT,NOT,NOT,NOT,JOH,JOH,NOT,PRIMNM,1133,JOH,NOT,Johnston,Assumes 98% hardbottom
275,PRIAs,Johnston,Johnston,Lagoon,Deep,7.76,NA,Johnston,Johnston,Johnston,NOT,NOT,NOT,NOT,JOH,JOH,NOT,PRIMNM,31,JOH,NOT,Johnston,Assumes 45% hardbottom - should definitely pool lagoon deep with lagoon moderate
276,PRIAs,Johnston,Johnston,Lagoon,Mid,1630.99,NA,Johnston,Johnston,Johnston,NOT,NOT,NOT,NOT,JOH,JOH,NOT,PRIMNM,6524,JOH,NOT,Johnston,Assumes 45% hardbottom
277,PRIAs,Johnston,Johnston,Lagoon,Shallow,1273.9,NA,Johnston,Johnston,Johnston,NOT,NOT,NOT,NOT,JOH,JOH,NOT,PRIMNM,5096,JOH,NOT,Johnston,Assumes 45% hardbottom
278,PRIAs,Johnston,Johnston,Protected Slope,Deep,3223.37,NA,Johnston,Johnston,Johnston,NOT,NOT,NOT,NOT,JOH,JOH,NA,NA,12893.48,JOH,NOT,Johnston,Assumes 50% hardbottom
279,PRIAs,Johnston,Johnston,Protected Slope,Mid,2711.37,NA,Johnston,Johnston,Johnston,NOT,NOT,NOT,NOT,JOH,JOH,NA,NA,10845.48,JOH,NOT,Johnston,Assumes 50% hardbottom
280,PRIAs,Johnston,Johnston,Protected Slope,Shallow,6.88,NA,Johnston,Johnston,Johnston,NOT,NOT,NOT,NOT,JOH,JOH,NA,NA,27.52,JOH,NOT,Johnston,Assumes 50% hardbottom - should pool shallow protected with mid
281,PRIAs,Kingman,Kingman,Backreef,Deep,50.25,NA,King_Pal,Kingman,Kingman,NOT,NOT,NOT,NOT,KIN,KIN,NOT,PRIMNM,163,KIN,NOT,Kingman,From Grids ASSUMES 90% Hard
282,PRIAs,Kingman,Kingman,Backreef,Mid,203.25,NA,King_Pal,Kingman,Kingman,NOT,NOT,NOT,NOT,KIN,KIN,NOT,PRIMNM,739,KIN,NOT,Kingman,From Grids ASSUMES 90% Hard
283,PRIAs,Kingman,Kingman,Backreef,Shallow,380.75,NA,King_Pal,Kingman,Kingman,NOT,NOT,NOT,NOT,KIN,KIN,NOT,PRIMNM,989,KIN,NOT,Kingman,From Grids ASSUMES 90% Hard
284,PRIAs,Kingman,Kingman,Forereef,Deep,46.75,NA,King_Pal,Kingman,Kingman,NOT,NOT,NOT,NOT,KIN,KIN,NOT,PRIMNM,285,KIN,NOT,Kingman,From Grids ASSUMES 99% Hard
285,PRIAs,Kingman,Kingman,Forereef,Mid,282.5,NA,King_Pal,Kingman,Kingman,NOT,NOT,NOT,NOT,KIN,KIN,NOT,PRIMNM,2236,KIN,NOT,Kingman,From Grids ASSUMES 99% Hard
286,PRIAs,Kingman,Kingman,Forereef,Shallow,279,NA,King_Pal,Kingman,Kingman,NOT,NOT,NOT,NOT,KIN,KIN,NOT,PRIMNM,1140,KIN,NOT,Kingman,From Grids ASSUMES 99% Hard
287,PRIAs,Kingman,Kingman,Lagoon,Deep,876.75,NA,King_Pal,Kingman,Kingman,NOT,NOT,NOT,NOT,KIN,KIN,NOT,PRIMNM,4052,KIN,NOT,Kingman,From Grids Assumes 60% hard bottom
288,PRIAs,Kingman,Kingman,Lagoon,Mid,74.75,NA,King_Pal,Kingman,Kingman,NOT,NOT,NOT,NOT,KIN,KIN,NOT,PRIMNM,304,KIN,NOT,Kingman,From Grids Assumes 60% hard bottom
289,PRIAs,Kingman,Kingman,Lagoon,Shallow,0.25,NA,King_Pal,Kingman,Kingman,NOT,NOT,NOT,NOT,KIN,KIN,NOT,PRIMNM,2,KIN,NOT,Kingman,From Grids Assumes 60% hard bottom
290,PRIAs,Kingman,Kingman,Protected Slope,Deep,229,NA,King_Pal,Kingman,Kingman,NOT,NOT,NOT,NOT,KIN,KIN,NA,PRIMNM,756,KIN,NOT,Kingman,From Grids ASSUMES 90% Hard
291,PRIAs,Kingman,Kingman,Protected Slope,Mid,1328.25,NA,King_Pal,Kingman,Kingman,NOT,NOT,NOT,NOT,KIN,KIN,NA,PRIMNM,4786,KIN,NOT,Kingman,From Grids ASSUMES 90% Hard
292,PRIAs,Kingman,Kingman,Protected Slope,Shallow,19.25,NA,King_Pal,Kingman,Kingman,NOT,NOT,NOT,NOT,KIN,KIN,NA,PRIMNM,77,KIN,NOT,Kingman,From Grids ASSUMES 90% Hard
293,PRIAs,Palmyra,Palmyra,Backreef,Deep,11.58568484,NA,King_Pal,Palmyra,Palmyra,NOT,NOT,NOT,NOT,PAL,PAL,NOT,PRIMNM,46,PAL,NOT,Palmyra,
294,PRIAs,Palmyra,Palmyra,Backreef,Mid,67.99264287,NA,King_Pal,Palmyra,Palmyra,NOT,NOT,NOT,NOT,PAL,PAL,NOT,PRIMNM,272,PAL,NOT,Palmyra,
295,PRIAs,Palmyra,Palmyra,Backreef,Shallow,1246.94781,NA,King_Pal,Palmyra,Palmyra,NOT,NOT,NOT,NOT,PAL,PAL,NOT,PRIMNM,4988,PAL,NOT,Palmyra,
296,PRIAs,Palmyra,Palmyra,Forereef,Deep,623.950261,NA,King_Pal,Palmyra,Palmyra,NOT,NOT,NOT,NOT,PAL,PAL,NOT,PRIMNM,2496,PAL,NOT,Palmyra,
297,PRIAs,Palmyra,Palmyra,Forereef,Mid,1527.372655,NA,King_Pal,Palmyra,Palmyra,NOT,NOT,NOT,NOT,PAL,PAL,NOT,PRIMNM,6109,PAL,NOT,Palmyra,
298,PRIAs,Palmyra,Palmyra,Forereef,Shallow,642.028097,NA,King_Pal,Palmyra,Palmyra,NOT,NOT,NOT,NOT,PAL,PAL,NOT,PRIMNM,2568,PAL,NOT,Palmyra,
299,PRIAs,Palmyra,Palmyra,Lagoon,Mid,54.8903582,NA,King_Pal,Palmyra,Palmyra,NOT,NOT,NOT,NOT,PAL,PAL,NOT,PRIMNM,220,PAL,NOT,Palmyra,
300,PRIAs,Palmyra,Palmyra,Lagoon,Shallow,18.69397438,NA,King_Pal,Palmyra,Palmyra,NOT,NOT,NOT,NOT,PAL,PAL,NOT,PRIMNM,75,PAL,NOT,Palmyra,
301,PRIAs,Palmyra,Palmyra,OTHER,OTHER,19.27986332,NA,King_Pal,Palmyra,Palmyra,NOT,NOT,NOT,NOT,PAL,PAL,NA,NA,NA,PAL,NOT,Palmyra,
302,PRIAs,Wake,Wake,Backreef,Deep,0.008197859,NA,Wake,Wake,Wake,NOT,NOT,NOT,NOT,WAK,WAK,NOT,PRIMNM,0,WAK,NOT,Wake,
303,PRIAs,Wake,Wake,Backreef,Mid,5.530948577,NA,Wake,Wake,Wake,NOT,NOT,NOT,NOT,WAK,WAK,NOT,PRIMNM,22,WAK,NOT,Wake,
304,PRIAs,Wake,Wake,Backreef,Shallow,689.5000228,NA,Wake,Wake,Wake,NOT,NOT,NOT,NOT,WAK,WAK,NOT,PRIMNM,2758,WAK,NOT,Wake,
305,PRIAs,Wake,Wake,Forereef,Deep,59.48386537,70.844,Wake,Wake,Wake,NOT,NOT,NOT,NOT,WAK,WAK,NOT,PRIMNM,238,WAK,NOT,Wake,
306,PRIAs,Wake,Wake,Forereef,Mid,102.2772869,95.607,Wake,Wake,Wake,NOT,NOT,NOT,NOT,WAK,WAK,NOT,PRIMNM,409,WAK,NOT,Wake,
307,PRIAs,Wake,Wake,Forereef,Shallow,117.9897305,73.271,Wake,Wake,Wake,NOT,NOT,NOT,NOT,WAK,WAK,NOT,PRIMNM,472,WAK,NOT,Wake,
308,PRIAs,Wake,Wake,Lagoon,Shallow,307.2366532,NA,Wake,Wake,Wake,NOT,NOT,NOT,NOT,WAK,WAK,NOT,PRIMNM,1229,WAK,NOT,Wake,
309,SAMOA,Ofu & Olosega,Ofu & Olosega,Forereef,Deep,303.685,NA,Ofu & Olosega,Ofu & Olosega,Ofu & Olosega,NOT,NOT,NOT,Ofu & Olosega,OFU,OFU,NOT,OPEN,1215,OFU_OPEN,NOT,Ofu & Olosega,Area calculated from 50*50 grids
310,SAMOA,Ofu & Olosega,Ofu & Olosega,Forereef,Mid,369.0125,NA,Ofu & Olosega,Ofu & Olosega,Ofu & Olosega,NOT,NOT,NOT,Ofu & Olosega,OFU,OFU,NOT,OPEN,1476,OFU_OPEN,NOT,Ofu & Olosega,Area calculated from 50*50 grids
311,SAMOA,Ofu & Olosega,Ofu & Olosega,Forereef,Shallow,120.675,NA,Ofu & Olosega,Ofu & Olosega,Ofu & Olosega,NOT,NOT,NOT,Ofu & Olosega,OFU,OFU,NOT,OPEN,483,OFU_OPEN,NOT,Ofu & Olosega,Area calculated from 50*50 grids
312,SAMOA,Rose,ROS_INNER,Backreef,Mid,11.5,NA,Rose,ROS_INNER,ROS_INNER,NOT,NOT,NOT,ROS_INNER,ROS,ROS,NA,MPA,46,ROS_MPA,NOT,ROS_INNER,Area calculated from 50*50 grids
313,SAMOA,Rose,ROS_INNER,Backreef,Shallow,159.8562,NA,Rose,ROS_INNER,ROS_INNER,NOT,NOT,NOT,ROS_INNER,ROS,ROS,NA,MPA,639,ROS_MPA,NOT,ROS_INNER,Area calculated from 50*50 grids
314,SAMOA,Rose,ROS_INNER,Lagoon,Deep,74.5,NA,Rose,ROS_INNER,ROS_INNER,NOT,NOT,NOT,ROS_INNER,ROS,ROS,NA,MPA,298,ROS_MPA,NOT,ROS_INNER,Area calculated from 50*50 grids
315,SAMOA,Rose,ROS_INNER,Lagoon,Mid,27.5,NA,Rose,ROS_INNER,ROS_INNER,NOT,NOT,NOT,ROS_INNER,ROS,ROS,NA,MPA,110,ROS_MPA,NOT,ROS_INNER,Area calculated from 50*50 grids
316,SAMOA,Rose,ROS_INNER,Lagoon,Shallow,2.25,NA,Rose,ROS_INNER,ROS_INNER,NOT,NOT,NOT,ROS_INNER,ROS,ROS,NA,MPA,9,ROS_MPA,NOT,ROS_INNER,Area calculated from 50*50 grids
317,SAMOA,Rose,ROS_SANCTUARY,Forereef,Deep,16.5025,NA,Rose,ROS_SANCTUARY,ROS_SANCTUARY,NOT,NOT,NOT,ROS_SANCTUARY,ROS,ROS,NA,MPA,66,ROS_MPA,NOT,ROS_SANCTUARY,Area calculated from 50*50 grids
318,SAMOA,Rose,ROS_SANCTUARY,Forereef,Mid,85.3,NA,Rose,ROS_SANCTUARY,ROS_SANCTUARY,NOT,NOT,NOT,ROS_SANCTUARY,ROS,ROS,NA,MPA,341,ROS_MPA,NOT,ROS_SANCTUARY,Area calculated from 50*50 grids
319,SAMOA,Rose,ROS_SANCTUARY,Forereef,Shallow,18.4925,NA,Rose,ROS_SANCTUARY,ROS_SANCTUARY,NOT,NOT,NOT,ROS_SANCTUARY,ROS,ROS,NA,MPA,74,ROS_MPA,NOT,ROS_SANCTUARY,Area calculated from 50*50 grids
320,SAMOA,Rose,ROS_UNSAMPLED,OTHER,OTHER,46.345,NA,Rose,ROS_UNSAMPLED,ROS_UNSAMPLED,NOT,NOT,NOT,ROS_UNSAMPLED,ROS,ROS,NA,MPA,NA,ROS_MPA,NOT,ROS_UNSAMPLED,Area calculated from 50*50 grids
321,SAMOA,South Bank,South Bank,Forereef,Deep,25,NA,NOT,South Bank,South Bank,NOT,NOT,NOT,South Bank,South Bank,South Bank,NA,NA,NA,South Bank,NOT,South Bank,"Arbitrarily setting to 25ha, assuming also that it is all deep .. CRED found it hard to find any bottom < 30m"
322,SAMOA,Swains,SWA_OPEN,Forereef,Deep,2.930460683,NA,Swains,SWA_OPEN,Swains,NOT,NOT,NOT,SWA_OPEN,SWA,SWA,NA,OPEN,12,SWA_OPEN,NOT,SWA_OPEN,
323,SAMOA,Swains,SWA_OPEN,Forereef,Mid,15.6128307,NA,Swains,SWA_OPEN,Swains,NOT,NOT,NOT,SWA_OPEN,SWA,SWA,NA,OPEN,62,SWA_OPEN,NOT,SWA_OPEN,
324,SAMOA,Swains,SWA_OPEN,Forereef,Shallow,92.22740392,NA,Swains,SWA_OPEN,Swains,NOT,NOT,NOT,SWA_OPEN,SWA,SWA,NA,OPEN,369,SWA_OPEN,NOT,SWA_OPEN,
325,SAMOA,Swains,SWA_SANCTUARY,Forereef,Deep,9.371844797,NA,Swains,SWA_SANCTUARY,Swains,NOT,NOT,NOT,SWA_SANCTUARY,SWA,SWA,NA,MPA,37,SWA_MPA,NOT,SWA_SANCTUARY,
326,SAMOA,Swains,SWA_SANCTUARY,Forereef,Mid,41.80811022,NA,Swains,SWA_SANCTUARY,Swains,NOT,NOT,NOT,SWA_SANCTUARY,SWA,SWA,NA,MPA,167,SWA_MPA,NOT,SWA_SANCTUARY,
327,SAMOA,Swains,SWA_SANCTUARY,Forereef,Shallow,118.5523679,NA,Swains,SWA_SANCTUARY,Swains,NOT,NOT,NOT,SWA_SANCTUARY,SWA,SWA,NA,MPA,474,SWA_MPA,NOT,SWA_SANCTUARY,
328,SAMOA,Tau,TAU_OPEN,Forereef,Deep,179.335,NA,Tau,TAU_OPEN,Tau,NOT,NOT,NOT,TAU_OPEN,TAU,TAU,NOT,OPEN,717,TAU_OPEN,NOT,TAU_OPEN,Area calculated from 50*50 grids
329,SAMOA,Tau,TAU_OPEN,Forereef,Mid,494.905,NA,Tau,TAU_OPEN,Tau,NOT,NOT,NOT,TAU_OPEN,TAU,TAU,NOT,OPEN,1980,TAU_OPEN,NOT,TAU_OPEN,Area calculated from 50*50 grids
330,SAMOA,Tau,TAU_OPEN,Forereef,Shallow,119.3825,NA,Tau,TAU_OPEN,Tau,NOT,NOT,NOT,TAU_OPEN,TAU,TAU,NOT,OPEN,478,TAU_OPEN,NOT,TAU_OPEN,Area calculated from 50*50 grids
331,SAMOA,Tau,TAU_SANCTUARY,Forereef,Deep,24.1775,NA,Tau,TAU_SANCTUARY,Tau,NOT,NOT,NOT,TAU_SANCTUARY,TAU,TAU,NA,MPA,97,TAU_MPA,NOT,TAU_SANCTUARY,Area calculated from 50*50 grids
332,SAMOA,Tau,TAU_SANCTUARY,Forereef,Mid,71.735,NA,Tau,TAU_SANCTUARY,Tau,NOT,NOT,NOT,TAU_SANCTUARY,TAU,TAU,NA,MPA,287,TAU_MPA,NOT,TAU_SANCTUARY,Area calculated from 50*50 grids
333,SAMOA,Tau,TAU_SANCTUARY,Forereef,Shallow,14.335,NA,Tau,TAU_SANCTUARY,Tau,NOT,NOT,NOT,TAU_SANCTUARY,TAU,TAU,NA,MPA,57,TAU_MPA,NOT,TAU_SANCTUARY,Area calculated from 50*50 grids
334,SAMOA,Tutuila,TUT_AUNUU_B,Forereef,Deep,202.8,NA,TUT_NTH,TUT_AUNUU_B,Tutuila,NOT,NOT,TUT_NE,TUT_AUNUU_B,TUT,TUT,NA,AUNB,811,TUT_AUNB,TUT_AUNUU,TUT_AUNUU_B,
335,SAMOA,Tutuila,TUT_AUNUU_B,Forereef,Mid,40.8,NA,TUT_NTH,TUT_AUNUU_B,Tutuila,NOT,NOT,TUT_NE,TUT_AUNUU_B,TUT,TUT,NA,AUNB,163,TUT_AUNB,TUT_AUNUU,TUT_AUNUU_B,
336,SAMOA,Tutuila,TUT_AUNUU_B,Forereef,Shallow,0.2,NA,TUT_NTH,TUT_AUNUU_B,Tutuila,NOT,NOT,TUT_NE,TUT_AUNUU_B,TUT,TUT,NA,AUNB,1,TUT_AUNB,TUT_AUNUU,TUT_AUNUU_B,
337,SAMOA,Tutuila,TUT_FAGATELE,Forereef,Deep,4.5,NA,TUT_STH,TUT_FAGATELE,Tutuila,NOT,NOT,TUT_SW_OPEN,TUT_FAGATELE,TUT,TUT,NA,FAGA,18,TUT_FAGA,TUT_FAGALUA_FAGATELE,TUT_FAGALUA_FAGATELE,
338,SAMOA,Tutuila,TUT_FAGATELE,Forereef,Mid,20.2,NA,TUT_STH,TUT_FAGATELE,Tutuila,NOT,NOT,TUT_SW_OPEN,TUT_FAGATELE,TUT,TUT,NA,FAGA,81,TUT_FAGA,TUT_FAGALUA_FAGATELE,TUT_FAGALUA_FAGATELE,
339,SAMOA,Tutuila,TUT_FAGATELE,Forereef,Shallow,9.4,NA,TUT_STH,TUT_FAGATELE,Tutuila,NOT,NOT,TUT_SW_OPEN,TUT_FAGATELE,TUT,TUT,NA,FAGA,38,TUT_FAGA,TUT_FAGALUA_FAGATELE,TUT_FAGALUA_FAGATELE,
340,SAMOA,Tutuila,TUT_NE_OPEN,Forereef,Deep,372.8,NA,TUT_NTH,TUT_NE_OPEN,Tutuila,NOT,NOT,TUT_NE,TUT_NE_OPEN,TUT,TUT,NA,OPEN,1174,TUT_OPEN,TUT_NE,TUT_NE_OPEN,
341,SAMOA,Tutuila,TUT_NE_OPEN,Forereef,Mid,425,NA,TUT_NTH,TUT_NE_OPEN,Tutuila,NOT,NOT,TUT_NE,TUT_NE_OPEN,TUT,TUT,NA,OPEN,1094,TUT_OPEN,TUT_NE,TUT_NE_OPEN,
342,SAMOA,Tutuila,TUT_NE_OPEN,Forereef,Shallow,272.9,NA,TUT_NTH,TUT_NE_OPEN,Tutuila,NOT,NOT,TUT_NE,TUT_NE_OPEN,TUT,TUT,NA,OPEN,1001,TUT_OPEN,TUT_NE,TUT_NE_OPEN,
343,SAMOA,Tutuila,TUT_NW_OPEN,Forereef,Deep,257.7,NA,TUT_NTH,TUT_NW_OPEN,Tutuila,NOT,NOT,TUT_NW,TUT_NW_OPEN,TUT,TUT,NA,OPEN,1031,TUT_OPEN,TUT_NW,TUT_NW_OPEN,
344,SAMOA,Tutuila,TUT_NW_OPEN,Forereef,Mid,220.3,NA,TUT_NTH,TUT_NW_OPEN,Tutuila,NOT,NOT,TUT_NW,TUT_NW_OPEN,TUT,TUT,NA,OPEN,881,TUT_OPEN,TUT_NW,TUT_NW_OPEN,
345,SAMOA,Tutuila,TUT_NW_OPEN,Forereef,Shallow,130.4,NA,TUT_NTH,TUT_NW_OPEN,Tutuila,NOT,NOT,TUT_NW,TUT_NW_OPEN,TUT,TUT,NA,OPEN,522,TUT_OPEN,TUT_NW,TUT_NW_OPEN,
346,SAMOA,Tutuila,TUT_PAGOPAGO,Forereef,Deep,9.7,NA,NOT,TUT_PAGOPAGO,Tutuila,NOT,NOT,TUT_PAGOPAGO,TUT_PAGOPAGO,TUT,TUT,NA,OPEN,NA,TUT_OPEN,TUT_PAGOPAGO,TUT_PAGOPAGO,
347,SAMOA,Tutuila,TUT_PAGOPAGO,Forereef,Mid,29.4,NA,NOT,TUT_PAGOPAGO,Tutuila,NOT,NOT,TUT_PAGOPAGO,TUT_PAGOPAGO,TUT,TUT,NA,OPEN,NA,TUT_OPEN,TUT_PAGOPAGO,TUT_PAGOPAGO,
348,SAMOA,Tutuila,TUT_PAGOPAGO,Forereef,Shallow,59.7,NA,NOT,TUT_PAGOPAGO,Tutuila,NOT,NOT,TUT_PAGOPAGO,TUT_PAGOPAGO,TUT,TUT,NA,OPEN,NA,TUT_OPEN,TUT_PAGOPAGO,TUT_PAGOPAGO,
349,SAMOA,Tutuila,TUT_SE_OPEN,Forereef,Deep,291.8,NA,TUT_STH,TUT_SE_OPEN,Tutuila,NOT,NOT,TUT_SE,TUT_SE_OPEN,TUT,TUT,NA,OPEN,1167,TUT_OPEN,TUT_SE,TUT_SE_OPEN,
350,SAMOA,Tutuila,TUT_SE_OPEN,Forereef,Mid,659.5,NA,TUT_STH,TUT_SE_OPEN,Tutuila,NOT,NOT,TUT_SE,TUT_SE_OPEN,TUT,TUT,NA,OPEN,2638,TUT_OPEN,TUT_SE,TUT_SE_OPEN,
351,SAMOA,Tutuila,TUT_SE_OPEN,Forereef,Shallow,472.9,NA,TUT_STH,TUT_SE_OPEN,Tutuila,NOT,NOT,TUT_SE,TUT_SE_OPEN,TUT,TUT,NA,OPEN,1891,TUT_OPEN,TUT_SE,TUT_SE_OPEN,
352,SAMOA,Tutuila,TUT_SW_OPEN,Forereef,Deep,266.2,NA,TUT_STH,TUT_SW_OPEN,Tutuila,NOT,NOT,TUT_SW_OPEN,TUT_SW_OPEN,TUT,TUT,NA,OPEN,1034,TUT_OPEN,TUT_SW,TUT_SW_OPEN,
353,SAMOA,Tutuila,TUT_SW_OPEN,Forereef,Mid,227.5,NA,TUT_STH,TUT_SW_OPEN,Tutuila,NOT,NOT,TUT_SW_OPEN,TUT_SW_OPEN,TUT,TUT,NA,OPEN,799,TUT_OPEN,TUT_SW,TUT_SW_OPEN,
354,SAMOA,Tutuila,TUT_SW_OPEN,Forereef,Shallow,208.8,NA,TUT_STH,TUT_SW_OPEN,Tutuila,NOT,NOT,TUT_SW_OPEN,TUT_SW_OPEN,TUT,TUT,NA,OPEN,809,TUT_OPEN,TUT_SW,TUT_SW_OPEN,
