SITEVISITID,REGION,ISLAND,SITE,OLD_SITE,OCC_SITEID,REEF_ZONE,DEPTH_BIN,ROUNDID,MISSIONID,OBS_YEAR,DATE_,HABITAT_CODE,LATITUDE_SV,LONGITUDE_SV,LATITUDE_LOV,LONGITUDE_LOV,EXCLUDE_FLAG,CLIMATE_STATION_YN,PERM_SITE,TRANSECT_PHOTOS,PHOTOMOSAIC_YN,new_MIN_DEPTH_M,new_MAX_DEPTH_M,benth,fish,arms_d,arms_r,cau_d,cau_r,microb,ARMS,Benthic,CAU,Fish,Oceanography,SEC_NAME,HUMANS20,HUMANS200,TYPE,ANALYSIS_SCHEME,bANALYSIS_SCHEME,ANALYSIS_YEAR,TUT2012,OTHER_AREA_GROUPING,SPECIAL_PROJ_YN,SPECIAL_PROJ_DESCRIPTION
51240,SAMOA,Ofu & Olosega,OFU-01324,OFU-1324,NA,Forereef,Deep,188,RA2301_LEG3,2023,04/06/2023 09.28.23,AGR,-14.192098,-169.616921,-14.192098,-169.616921,0,0,0,-1,-1,20.7253886,21.33495885,1,0,0,0,0,0,0,0,1,0,0,0,Ofu & Olosega,NA,NA,RANDOM,RAMP_BASIC,RAMP_BASIC,2023,NA,NA,NA,NA
51241,SAMOA,Ofu & Olosega,OFU-01322,OFU-1322,NA,Forereef,Mid,188,RA2301_LEG3,2023,04/06/2023 10.53.56,AGR,-14.18306,-169.625283,-14.18306,-169.625283,0,0,0,-1,-1,9.143553795,9.448338921,1,0,0,0,0,0,0,0,1,0,0,0,Ofu & Olosega,NA,NA,RANDOM,RAMP_BASIC,RAMP_BASIC,2023,NA,NA,NA,NA
51242,SAMOA,Ofu & Olosega,OFU-01316,OFU-1316,NA,Forereef,Mid,188,RA2301_LEG3,2023,04/06/2023 12.54.56,SAG,-14.173035,-169.633476,-14.173035,-169.633476,0,0,0,-1,-1,9.143553795,11.27704968,1,0,0,0,0,0,0,0,1,0,0,0,Ofu & Olosega,NA,NA,RANDOM,RAMP_BASIC,RAMP_BASIC,2023,NA,NA,NA,NA
51243,SAMOA,Ofu & Olosega,OFU-01294,OFU-1294,NA,Forereef,Shallow,188,RA2301_LEG3,2023,04/06/2023 14.16.29,SAG,-14.172359,-169.640311,-14.172359,-169.640311,0,0,0,-1,-1,3.962206644,4.876562024,1,0,0,0,0,0,0,0,1,0,0,0,Ofu & Olosega,NA,NA,RANDOM,RAMP_BASIC,RAMP_BASIC,2023,NA,NA,NA,NA
51383,SAMOA,Ofu & Olosega,OFU-01346,OFU-1346,NA,Forereef,Deep,188,RA2301_LEG3,2023,04/15/2023 09.29.07,AGR,-14.158967,-169.607252,-14.158967,-169.607252,0,0,0,-1,0,19.5062481,20.42060347,1,0,0,0,0,0,0,0,1,0,0,0,Ofu & Olosega,NA,NA,RANDOM,RAMP_BASIC,RAMP_BASIC,2023,NA,NA,NA,NA
51384,SAMOA,Ofu & Olosega,OFU-01319,OFU-1319,NA,Forereef,Mid,188,RA2301_LEG3,2023,04/15/2023 10.54.05,AGR,-14.170443,-169.608361,-14.170443,-169.608361,0,0,0,-1,0,13.41054557,14.62968607,1,0,0,0,0,0,0,0,1,0,0,0,Ofu & Olosega,NA,NA,RANDOM,RAMP_BASIC,RAMP_BASIC,2023,NA,NA,NA,NA
51385,SAMOA,Ofu & Olosega,OFU-01334,OFU-1334,NA,Forereef,Mid,188,RA2301_LEG3,2023,04/15/2023 12.44.53,AGR,-14.188147,-169.608235,-14.188147,-169.608235,0,0,0,-1,0,9.448338921,10.66747943,1,0,0,0,0,0,0,0,1,0,0,0,Ofu & Olosega,NA,NA,RANDOM,RAMP_BASIC,RAMP_BASIC,2023,NA,NA,NA,NA
51386,SAMOA,Ofu & Olosega,OFU-01301,OFU-1301,NA,Forereef,Shallow,188,RA2301_LEG3,2023,04/15/2023 14.01.47,SAG,-14.182585,-169.606608,-14.182585,-169.606608,0,0,0,-1,0,5.486132277,5.790917403,1,0,0,0,0,0,0,0,1,0,0,0,Ofu & Olosega,NA,NA,RANDOM,RAMP_BASIC,RAMP_BASIC,2023,NA,NA,NA,NA
51244,SAMOA,Ofu & Olosega,OFU-01359,OFU-1359,NA,Forereef,Deep,188,RA2301_LEG3,2023,04/06/2023 09.32.59,PAV,-14.189727,-169.671141,-14.189727,-169.671141,0,0,0,-1,-1,23.46845474,24.38281012,1,0,0,0,0,0,0,0,1,0,0,0,Ofu & Olosega,NA,NA,RANDOM,RAMP_BASIC,RAMP_BASIC,2023,NA,NA,NA,NA
51245,SAMOA,Ofu & Olosega,OFU-01340,OFU-1340,NA,Forereef,Mid,188,RA2301_LEG3,2023,04/06/2023 10.57.19,AGR,-14.18225,-169.678984,-14.18225,-169.678984,0,0,0,-1,-1,11.58183481,11.88661993,1,0,0,0,0,0,0,0,1,0,0,0,Ofu & Olosega,NA,NA,RANDOM,RAMP_BASIC,RAMP_BASIC,2023,NA,NA,NA,NA
51246,SAMOA,Ofu & Olosega,OFU-01342,OFU-1342,NA,Forereef,Mid,188,RA2301_LEG3,2023,04/06/2023 12.50.16,AGR,-14.173434,-169.684613,-14.173434,-169.684613,0,0,0,-1,-1,9.143553795,10.66747943,1,0,0,0,0,0,0,0,1,0,0,0,Ofu & Olosega,NA,NA,RANDOM,RAMP_BASIC,RAMP_BASIC,2023,NA,NA,NA,NA
51247,SAMOA,Ofu & Olosega,OFU-01336,OFU-1336,NA,Forereef,Shallow,188,RA2301_LEG3,2023,04/06/2023 14.34.05,SAG,-14.162253,-169.683144,-14.162253,-169.683144,0,0,0,-1,0,3.352636391,4.571776897,1,0,0,0,0,0,0,0,1,0,0,0,Ofu & Olosega,NA,NA,RANDOM,RAMP_BASIC,RAMP_BASIC,2023,NA,NA,NA,NA
51380,SAMOA,Ofu & Olosega,OFU-01362,OFU-1362,NA,Forereef,Deep,188,RA2301_LEG3,2023,04/15/2023 10.37.46,AGR,-14.184677,-169.657616,-14.184677,-169.657616,0,0,0,-1,0,23.46845474,24.38281012,1,0,0,0,0,0,0,0,1,0,0,0,Ofu & Olosega,NA,NA,RANDOM,RAMP_BASIC,RAMP_BASIC,2023,NA,NA,NA,NA
51381,SAMOA,Ofu & Olosega,OFU-01338,OFU-1338,NA,Forereef,Mid,188,RA2301_LEG3,2023,04/15/2023 11.54.45,AGR,-14.174528,-169.645439,-14.174528,-169.645439,0,0,0,-1,0,7.314843036,8.229198415,1,0,0,0,0,0,0,0,1,0,0,0,Ofu & Olosega,NA,NA,RANDOM,RAMP_BASIC,RAMP_BASIC,2023,NA,NA,NA,NA
51382,SAMOA,Ofu & Olosega,OFU-01291,OFU-1291,NA,Forereef,Shallow,188,RA2301_LEG3,2023,04/15/2023 13.20.51,AGR,-14.179381,-169.651578,-14.179381,-169.651578,0,0,0,-1,0,3.352636391,3.962206644,1,0,0,0,0,0,0,0,1,0,0,0,Ofu & Olosega,NA,NA,RANDOM,RAMP_BASIC,RAMP_BASIC,2023,NA,NA,NA,NA
51360,SAMOA,Ofu & Olosega,OFU-01345,OFU-1345,NA,Forereef,Deep,188,RA2301_LEG3,2023,04/14/2023 09.22.55,PAV,-14.160221,-169.636723,-14.160221,-169.636723,0,0,0,-1,0,18.59189272,20.42060347,1,0,0,0,0,0,0,0,1,0,0,0,Ofu & Olosega,NA,NA,RANDOM,RAMP_BASIC,RAMP_BASIC,2023,NA,NA,NA,NA
51361,SAMOA,Ofu & Olosega,OFU-01337,OFU-1337,NA,Forereef,Mid,188,RA2301_LEG3,2023,04/14/2023 10.35.13,AGR,-14.165498,-169.647328,-14.165498,-169.647328,0,0,0,-1,0,15.84882658,16.76318196,1,0,0,0,0,0,0,0,1,0,0,0,Ofu & Olosega,NA,NA,RANDOM,RAMP_BASIC,RAMP_BASIC,2023,NA,NA,NA,NA
51362,SAMOA,Ofu & Olosega,OFU-01320,OFU-1320,NA,Forereef,Mid,188,RA2301_LEG3,2023,04/14/2023 12.12.39,AGR,-14.163546,-169.660673,-14.163546,-169.660673,0,0,0,-1,0,9.143553795,10.05790917,1,0,0,0,0,0,0,0,1,0,0,0,Ofu & Olosega,NA,NA,RANDOM,RAMP_BASIC,RAMP_BASIC,2023,NA,NA,NA,NA
51363,SAMOA,Ofu & Olosega,OFU-01304,OFU-1304,NA,Forereef,Shallow,188,RA2301_LEG3,2023,04/14/2023 13.24.57,SAG,-14.159005,-169.673429,-14.159005,-169.673429,0,0,0,-1,0,5.18134715,6.09570253,1,0,0,0,0,0,0,0,1,0,0,0,Ofu & Olosega,NA,NA,RANDOM,RAMP_BASIC,RAMP_BASIC,2023,NA,NA,NA,NA
51364,SAMOA,Ofu & Olosega,OFU-01361,OFU-1361,NA,Forereef,Deep,188,RA2301_LEG3,2023,04/14/2023 09.17.01,APR,-14.159225,-169.62007,-14.159225,-169.62007,0,0,0,-1,0,23.46845474,24.38281012,1,0,0,0,0,0,0,0,1,0,0,0,Ofu & Olosega,NA,NA,RANDOM,RAMP_BASIC,RAMP_BASIC,2023,NA,NA,NA,NA
51365,SAMOA,Ofu & Olosega,OFU-01323,OFU-1323,NA,Forereef,Mid,188,RA2301_LEG3,2023,04/14/2023 10.45.56,SAG,-14.163473,-169.639249,-14.163473,-169.639249,0,0,0,-1,0,9.448338921,12.19140506,1,0,0,0,0,0,0,0,1,0,0,0,Ofu & Olosega,NA,NA,RANDOM,RAMP_BASIC,RAMP_BASIC,2023,NA,NA,NA,NA
51366,SAMOA,Ofu & Olosega,OFU-01309,OFU-1309,NA,Forereef,Mid,188,RA2301_LEG3,2023,04/14/2023 12.23.45,AGR,-14.165557,-169.631256,-14.165557,-169.631256,0,0,0,-1,0,9.448338921,10.05790917,1,0,0,0,0,0,0,0,1,0,0,0,Ofu & Olosega,NA,NA,RANDOM,RAMP_BASIC,RAMP_BASIC,2023,NA,NA,NA,NA
51367,SAMOA,Ofu & Olosega,OFU-01303,OFU-1303,NA,Forereef,Shallow,188,RA2301_LEG3,2023,04/14/2023 13.48.36,PAV,-14.164267,-169.624418,-14.164267,-169.624418,0,0,0,-1,0,4.266991771,4.876562024,1,0,0,0,0,0,0,0,1,0,0,0,Ofu & Olosega,NA,NA,RANDOM,RAMP_BASIC,RAMP_BASIC,2023,NA,NA,NA,NA
51368,SAMOA,Ofu & Olosega,OFU-01289,OFU-1289,NA,Forereef,Shallow,188,RA2301_LEG3,2023,04/14/2023 14.39.55,ROB,-14.156527,-169.617584,-14.156527,-169.617584,0,0,0,-1,0,5.18134715,6.09570253,1,0,0,0,0,0,0,0,1,0,0,0,Ofu & Olosega,NA,NA,RANDOM,RAMP_BASIC,RAMP_BASIC,2023,NA,NA,NA,NA
51232,SAMOA,Rose,ROS-05248,ROS-5248,NA,Forereef,Deep,188,RA2301_LEG3,2023,04/05/2023 09.26.28,AGR,-14.535757,-168.163022,-14.535757,-168.163022,0,0,0,-1,-1,19.5062481,20.42060347,1,0,0,0,0,0,0,0,1,0,0,0,ROS_SANCTUARY,NA,NA,RANDOM,RAMP_BASIC,RAMP_BASIC,2023,NA,NA,NA,NA
51233,SAMOA,Rose,ROS-05223,ROS-5223,NA,Forereef,Mid,188,RA2301_LEG3,2023,04/05/2023 10.47.27,SAG,-14.541344,-168.172529,-14.541344,-168.172529,0,0,0,-1,-1,11.88661993,13.41054557,1,0,0,0,0,0,0,0,1,0,0,0,ROS_SANCTUARY,NA,NA,RANDOM,RAMP_BASIC,RAMP_BASIC,2023,NA,NA,NA,NA
51234,SAMOA,Rose,ROS-05220,ROS-5220,NA,Forereef,Mid,188,RA2301_LEG3,2023,04/05/2023 12.48.07,AGR,-14.537204,-168.168868,-14.537204,-168.168868,0,0,0,-1,-1,9.143553795,10.66747943,1,0,0,0,0,0,0,0,1,0,0,0,ROS_SANCTUARY,NA,NA,RANDOM,RAMP_BASIC,RAMP_BASIC,2023,NA,NA,NA,NA
51235,SAMOA,Rose,ROS-05198,ROS-5198,NA,Forereef,Shallow,188,RA2301_LEG3,2023,04/05/2023 13.49.57,AGR,-14.537266,-168.16764,-14.537266,-168.16764,0,0,0,-1,-1,3.352636391,4.571776897,1,0,0,0,0,0,0,0,1,0,0,0,ROS_SANCTUARY,NA,NA,RANDOM,RAMP_BASIC,RAMP_BASIC,2023,NA,NA,NA,NA
51204,SAMOA,Rose,ROS-05247,ROS-5247,NA,Forereef,Deep,188,RA2301_LEG3,2023,04/04/2023 09.09.25,AGR,-14.549909,-168.13797,-14.549909,-168.13797,0,0,0,-1,-1,19.5062481,21.03017373,1,0,0,0,0,0,0,0,1,0,0,0,ROS_SANCTUARY,NA,NA,RANDOM,RAMP_BASIC,RAMP_BASIC,2023,NA,NA,NA,NA
51205,SAMOA,Rose,ROS-05229,ROS-5229,NA,Forereef,Mid,188,RA2301_LEG3,2023,04/04/2023 10.46.43,AGR,-14.55352,-168.142964,-14.55352,-168.142964,0,0,0,-1,-1,16.76318196,17.67753734,1,0,0,0,0,0,0,0,1,0,0,0,ROS_SANCTUARY,NA,NA,RANDOM,RAMP_BASIC,RAMP_BASIC,2023,NA,NA,NA,NA
51206,SAMOA,Rose,ROS-05222,ROS-5222,NA,Forereef,Mid,188,RA2301_LEG3,2023,04/04/2023 12.54.51,AGR,-14.539787,-168.145459,-14.539787,-168.145459,0,0,0,-1,-1,10.05790917,10.66747943,1,0,0,0,0,0,0,0,1,0,0,0,ROS_SANCTUARY,NA,NA,RANDOM,RAMP_BASIC,RAMP_BASIC,2023,NA,NA,NA,NA
51207,SAMOA,Rose,ROS-05194,ROS-5194,NA,Forereef,Shallow,188,RA2301_LEG3,2023,04/04/2023 14.27.46,AGR,-14.534,-168.148403,-14.534,-168.148403,0,0,0,-1,-1,4.876562024,5.790917403,1,0,0,0,0,0,0,0,1,0,0,0,ROS_SANCTUARY,NA,NA,RANDOM,RAMP_BASIC,RAMP_BASIC,2023,NA,NA,NA,NA
51228,SAMOA,Rose,ROS-05253,ROS-5253,NA,Forereef,Deep,188,RA2301_LEG3,2023,04/05/2023 09.07.58,SAG,-14.528095,-168.151129,-14.528095,-168.151129,0,0,0,-1,-1,18.89667784,20.42060347,1,0,0,0,0,0,0,0,1,0,0,0,ROS_SANCTUARY,NA,NA,RANDOM,RAMP_BASIC,RAMP_BASIC,2023,NA,NA,NA,NA
51229,SAMOA,Rose,ROS-05230,ROS-5230,NA,Forereef,Mid,188,RA2301_LEG3,2023,04/05/2023 11.05.32,AGR,-14.535698,-168.14727,-14.535698,-168.14727,0,0,0,-1,-1,14.9344712,16.76318196,1,0,0,0,0,0,0,0,1,0,0,0,ROS_SANCTUARY,NA,NA,RANDOM,RAMP_BASIC,RAMP_BASIC,2023,NA,NA,NA,NA
51230,SAMOA,Rose,ROS-05225,ROS-5225,NA,Forereef,Mid,188,RA2301_LEG3,2023,04/05/2023 12.28.45,AGR,-14.547523,-168.13826,-14.547523,-168.13826,0,0,0,-1,-1,11.88661993,13.10576044,1,0,0,0,0,0,0,0,1,0,0,0,ROS_SANCTUARY,NA,NA,RANDOM,RAMP_BASIC,RAMP_BASIC,2023,NA,NA,NA,NA
51231,SAMOA,Rose,ROS-05201,ROS-5201,NA,Forereef,Shallow,188,RA2301_LEG3,2023,04/05/2023 13.49.37,SAG,-14.543,-168.143023,-14.543,-168.143023,0,0,0,-1,-1,4.876562024,7.924413289,1,0,0,0,0,0,0,0,1,0,0,0,ROS_SANCTUARY,NA,NA,RANDOM,RAMP_BASIC,RAMP_BASIC,2023,NA,NA,NA,NA
51200,SAMOA,Rose,ROS-05250,ROS-5250,NA,Forereef,Deep,188,RA2301_LEG3,2023,04/04/2023 09.21.36,AGR,-14.559759,-168.15997,-14.559759,-168.15997,0,0,0,-1,-1,18.89667784,19.81103322,1,0,0,0,0,0,0,0,1,0,0,0,ROS_SANCTUARY,NA,NA,RANDOM,RAMP_BASIC,RAMP_BASIC,2023,NA,NA,NA,NA
51201,SAMOA,Rose,ROS-05221,ROS-5221,NA,Forereef,Mid,188,RA2301_LEG3,2023,04/04/2023 10.44.12,AGR,-14.551748,-168.166399,-14.551748,-168.166399,0,0,0,-1,-1,13.10576044,14.02011582,1,0,0,0,0,0,0,0,1,0,0,0,ROS_SANCTUARY,NA,NA,RANDOM,RAMP_BASIC,RAMP_BASIC,2023,NA,NA,NA,NA
51202,SAMOA,Rose,ROS-05227,ROS-5227,NA,Forereef,Mid,188,RA2301_LEG3,2023,04/04/2023 12.29.14,AGR,-14.545054,-168.171236,-14.545054,-168.171236,0,0,0,-1,-1,15.23925632,15.54404145,1,0,0,0,0,0,0,0,1,0,0,0,ROS_SANCTUARY,NA,NA,RANDOM,RAMP_BASIC,RAMP_BASIC,2023,NA,NA,NA,NA
51203,SAMOA,Rose,ROS-05197,ROS-5197,NA,Forereef,Shallow,188,RA2301_LEG3,2023,04/04/2023 13.52.13,AGR,-14.538404,-168.171917,-14.538404,-168.171917,0,0,0,-1,-1,5.486132277,5.790917403,1,0,0,0,0,0,0,0,1,0,0,0,ROS_SANCTUARY,NA,NA,RANDOM,RAMP_BASIC,RAMP_BASIC,2023,NA,NA,NA,NA
51127,SAMOA,Swains,SWA-00936,SWA-936,NA,Forereef,Shallow,188,RA2301_LEG3,2023,03/30/2023 14.17.56,AGR,-11.063763,-171.086817,-11.063763,-171.086817,0,0,0,-1,-1,4.876562024,5.486132277,1,0,0,0,0,0,0,0,1,0,0,0,SWA_SANCTUARY,NA,NA,RANDOM,RAMP_BASIC,RAMP_BASIC,2023,NA,NA,NA,NA
51123,SAMOA,Swains,SWA-00937,SWA-937,NA,Forereef,Shallow,188,RA2301_LEG3,2023,03/30/2023 13.52.17,AGR,-11.047582,-171.086668,-11.047582,-171.086668,0,0,0,-1,0,4.266991771,7.314843036,1,0,0,0,0,0,0,0,1,0,0,0,SWA_SANCTUARY,NA,NA,RANDOM,RAMP_BASIC,RAMP_BASIC,2023,NA,NA,NA,NA
51143,SAMOA,Swains,SWA-00938,SWA-938,NA,Forereef,Shallow,188,RA2301_LEG3,2023,03/31/2023 13.43.12,AGR,-11.047027,-171.084079,-11.047027,-171.084079,0,0,0,-1,-1,4.571776897,5.486132277,1,0,0,0,0,0,0,0,1,0,0,0,SWA_SANCTUARY,NA,NA,RANDOM,RAMP_BASIC,RAMP_BASIC,2023,NA,NA,NA,NA
51163,SAMOA,Swains,SWA-00940,SWA-940,NA,Forereef,Shallow,188,RA2301_LEG3,2023,04/01/2023 14.24.57,AGR,-11.067113,-171.082808,-11.067113,-171.082808,0,0,0,-1,-1,5.18134715,5.790917403,1,0,0,0,0,0,0,0,1,0,0,0,SWA_SANCTUARY,NA,NA,RANDOM,RAMP_BASIC,RAMP_BASIC,2023,NA,NA,NA,NA
51166,SAMOA,Swains,SWA-00941,SWA-941,NA,Forereef,Shallow,188,RA2301_LEG3,2023,04/01/2023 12.47.43,AGR,-11.046226,-171.079621,-11.046226,-171.079621,0,0,0,-1,-1,4.266991771,5.486132277,1,0,0,0,0,0,0,0,1,0,0,0,SWA_SANCTUARY,NA,NA,RANDOM,RAMP_BASIC,RAMP_BASIC,2023,NA,NA,NA,NA
51142,SAMOA,Swains,SWA-00944,SWA-944,NA,Forereef,Shallow,188,RA2301_LEG3,2023,03/31/2023 12.15.40,SAG,-11.049065,-171.089872,-11.049065,-171.089872,0,0,0,-1,-1,5.18134715,5.790917403,1,0,0,0,0,0,0,0,1,0,0,0,SWA_SANCTUARY,NA,NA,RANDOM,RAMP_BASIC,RAMP_BASIC,2023,NA,NA,NA,NA
51167,SAMOA,Swains,SWA-00947,SWA-947,NA,Forereef,Mid,188,RA2301_LEG3,2023,04/01/2023 14.31.16,AGR,-11.053133,-171.064632,-11.053133,-171.064632,0,0,0,-1,-1,7.314843036,9.753124048,1,0,0,0,0,0,0,0,1,0,0,0,SWA_SANCTUARY,NA,NA,RANDOM,RAMP_BASIC,RAMP_BASIC,2023,NA,NA,NA,NA
51147,SAMOA,Swains,SWA-00948,SWA-948,NA,Forereef,Shallow,188,RA2301_LEG3,2023,03/31/2023 14.00.42,AGR,-11.045576,-171.072452,-11.045576,-171.072452,0,0,0,-1,0,4.876562024,5.486132277,1,0,0,0,0,0,0,0,1,0,0,0,SWA_SANCTUARY,NA,NA,RANDOM,RAMP_BASIC,RAMP_BASIC,2023,NA,NA,NA,NA
51126,SAMOA,Swains,SWA-00949,SWA-949,NA,Forereef,Shallow,188,RA2301_LEG3,2023,03/30/2023 12.27.40,AGR,-11.067315,-171.076643,-11.067315,-171.076643,0,0,0,-1,-1,4.571776897,5.18134715,1,0,0,0,0,0,0,0,1,0,0,0,SWA_SANCTUARY,NA,NA,RANDOM,RAMP_BASIC,RAMP_BASIC,2023,NA,NA,NA,NA
51146,SAMOA,Swains,SWA-00952,SWA-952,NA,Forereef,Shallow,188,RA2301_LEG3,2023,03/31/2023 12.51.48,AGR,-11.049238,-171.067249,-11.049238,-171.067249,0,0,0,-1,-1,4.876562024,5.790917403,1,0,0,0,0,0,0,0,1,0,0,0,SWA_SANCTUARY,NA,NA,RANDOM,RAMP_BASIC,RAMP_BASIC,2023,NA,NA,NA,NA
51122,SAMOA,Swains,SWA-00961,SWA-961,NA,Forereef,Shallow,188,RA2301_LEG3,2023,03/30/2023 12.43.35,AGR,-11.050937,-171.091706,-11.050937,-171.091706,0,0,0,-1,-1,4.266991771,5.486132277,1,0,0,0,0,0,0,0,1,0,0,0,SWA_OPEN,NA,NA,RANDOM,RAMP_BASIC,RAMP_BASIC,2023,NA,NA,NA,NA
51162,SAMOA,Swains,SWA-00962,SWA-962,NA,Forereef,Shallow,188,RA2301_LEG3,2023,04/01/2023 12.29.07,AGR,-11.055925,-171.091664,-11.055925,-171.091664,0,0,0,-1,-1,5.486132277,5.790917403,1,0,0,0,0,0,0,0,1,0,0,0,SWA_OPEN,NA,NA,RANDOM,RAMP_BASIC,RAMP_BASIC,2023,NA,NA,NA,NA
51165,SAMOA,Swains,SWA-00963,SWA-963,NA,Forereef,Mid,188,RA2301_LEG3,2023,04/01/2023 10.58.45,AGR,-11.045314,-171.072726,-11.045314,-171.072726,0,0,0,-1,-1,8.838768668,10.66747943,1,0,0,0,0,0,0,0,1,0,0,0,SWA_SANCTUARY,NA,NA,RANDOM,RAMP_BASIC,RAMP_BASIC,2023,NA,NA,NA,NA
51120,SAMOA,Swains,SWA-00964,SWA-964,NA,Forereef,Mid,188,RA2301_LEG3,2023,03/30/2023 09.29.45,AGR,-11.066912,-171.083491,-11.066912,-171.083491,0,0,0,-1,-1,14.9344712,16.1536117,1,0,0,0,0,0,0,0,1,0,0,0,SWA_SANCTUARY,NA,NA,RANDOM,RAMP_BASIC,RAMP_BASIC,2023,NA,NA,NA,NA
51161,SAMOA,Swains,SWA-00965,SWA-965,NA,Forereef,Mid,188,RA2301_LEG3,2023,04/01/2023 10.45.43,AGR,-11.047509,-171.087336,-11.047509,-171.087336,0,0,0,-1,-1,12.80097531,13.10576044,1,0,0,0,0,0,0,0,1,0,0,0,SWA_SANCTUARY,NA,NA,RANDOM,RAMP_BASIC,RAMP_BASIC,2023,NA,NA,NA,NA
51141,SAMOA,Swains,SWA-00968,SWA-968,NA,Forereef,Mid,188,RA2301_LEG3,2023,03/31/2023 10.38.27,SAG,-11.06247,-171.088049,-11.06247,-171.088049,0,0,0,-1,-1,10.05790917,10.66747943,1,0,0,0,0,0,0,0,1,0,0,0,SWA_SANCTUARY,NA,NA,RANDOM,RAMP_BASIC,RAMP_BASIC,2023,NA,NA,NA,NA
51125,SAMOA,Swains,SWA-00975,SWA-975,NA,Forereef,Mid,188,RA2301_LEG3,2023,03/30/2023 11.43.31,AGR,-11.061945,-171.067737,-11.061945,-171.067737,0,0,0,-1,-1,8.533983542,9.448338921,1,0,0,0,0,0,0,0,1,0,0,0,SWA_OPEN,NA,NA,RANDOM,RAMP_BASIC,RAMP_BASIC,2023,NA,NA,NA,NA
51164,SAMOA,Swains,SWA-00977,SWA-977,NA,Forereef,Deep,188,RA2301_LEG3,2023,04/01/2023 09.30.00,AGR,-11.04716,-171.069025,-11.04716,-171.069025,0,0,0,-1,-1,20.42060347,22.24931423,1,0,0,0,0,0,0,0,1,0,0,0,SWA_SANCTUARY,NA,NA,RANDOM,RAMP_BASIC,RAMP_BASIC,2023,NA,NA,NA,NA
51144,SAMOA,Swains,SWA-00978,SWA-978,NA,Forereef,Deep,188,RA2301_LEG3,2023,03/31/2023 09.20.28,AGR,-11.063137,-171.070439,-11.063137,-171.070439,0,0,0,-1,-1,17.98232246,19.20146297,1,0,0,0,0,0,0,0,1,0,0,0,SWA_OPEN,NA,NA,RANDOM,RAMP_BASIC,RAMP_BASIC,2023,NA,NA,NA,NA
51145,SAMOA,Swains,SWA-00982,SWA-982,NA,Forereef,Mid,188,RA2301_LEG3,2023,03/31/2023 10.34.36,AGR,-11.054961,-171.063728,-11.054961,-171.063728,0,0,0,-1,-1,11.88661993,13.10576044,1,0,0,0,0,0,0,0,1,0,0,0,SWA_SANCTUARY,NA,NA,RANDOM,RAMP_BASIC,RAMP_BASIC,2023,NA,NA,NA,NA
51121,SAMOA,Swains,SWA-00983,SWA-983,NA,Forereef,Mid,188,RA2301_LEG3,2023,03/30/2023 10.48.38,AGR,-11.059661,-171.09055,-11.059661,-171.09055,0,0,0,-1,-1,10.66747943,11.58183481,1,0,0,0,0,0,0,0,1,0,0,0,SWA_SANCTUARY,NA,NA,RANDOM,RAMP_BASIC,RAMP_BASIC,2023,NA,NA,NA,NA
51124,SAMOA,Swains,SWA-00986,SWA-986,NA,Forereef,Mid,188,RA2301_LEG3,2023,03/30/2023 09.29.30,AGR,-11.068268,-171.07874,-11.068268,-171.07874,0,0,0,-1,-1,15.23925632,15.54404145,1,0,0,0,0,0,0,0,1,0,0,0,SWA_SANCTUARY,NA,NA,RANDOM,RAMP_BASIC,RAMP_BASIC,2023,NA,NA,NA,NA
51160,SAMOA,Swains,SWA-00989,SWA-989,NA,Forereef,Deep,188,RA2301_LEG3,2023,04/01/2023 09.25.33,AGR,-11.046284,-171.081534,-11.046284,-171.081534,0,0,0,-1,-1,23.16366961,23.77323987,1,0,0,0,0,0,0,0,1,0,0,0,SWA_SANCTUARY,NA,NA,RANDOM,RAMP_BASIC,RAMP_BASIC,2023,NA,NA,NA,NA
51140,SAMOA,Swains,SWA-00995,SWA-995,NA,Forereef,Mid,188,RA2301_LEG3,2023,03/31/2023 09.15.59,AGR,-11.057687,-171.091441,-11.057687,-171.091441,0,0,0,-1,-1,17.37275221,18.28710759,1,0,0,0,0,0,0,0,1,0,0,0,SWA_OPEN,NA,NA,RANDOM,RAMP_BASIC,RAMP_BASIC,2023,NA,NA,NA,NA
51265,SAMOA,Tau,TAU-01279,TAU-1279,NA,Forereef,Shallow,188,RA2301_LEG3,2023,04/07/2023 14.07.58,AGR,-14.264125,-169.498697,-14.264125,-169.498697,0,0,0,-1,-1,4.876562024,5.486132277,1,0,0,0,0,0,0,0,1,0,0,0,TAU_SANCTUARY,NA,NA,RANDOM,RAMP_BASIC,RAMP_BASIC,2023,NA,NA,NA,NA
51187,SAMOA,Tau,TAU-01286,TAU-1286,NA,Forereef,Shallow,188,RA2301_LEG3,2023,04/03/2023 14.49.37,SAG,-14.211204,-169.450681,-14.211204,-169.450681,0,0,0,-1,-1,4.876562024,7.010057909,1,0,0,0,0,0,0,0,1,0,0,0,TAU_OPEN,NA,NA,RANDOM,RAMP_BASIC,RAMP_BASIC,2023,NA,NA,NA,NA
51183,SAMOA,Tau,TAU-01289,TAU-1289,NA,Forereef,Shallow,188,RA2301_LEG3,2023,04/03/2023 14.02.08,SAG,-14.216636,-169.497562,-14.216636,-169.497562,0,0,0,-1,-1,5.18134715,5.790917403,1,0,0,0,0,0,0,0,1,0,0,0,TAU_OPEN,NA,NA,RANDOM,RAMP_BASIC,RAMP_BASIC,2023,NA,NA,NA,NA
51186,SAMOA,Tau,TAU-01294,TAU-1294,NA,Forereef,Mid,188,RA2301_LEG3,2023,04/03/2023 13.15.31,PAV,-14.211412,-169.434351,-14.211412,-169.434351,0,0,0,-1,-1,8.229198415,8.533983542,1,0,0,0,0,0,0,0,1,0,0,0,TAU_OPEN,NA,NA,RANDOM,RAMP_BASIC,RAMP_BASIC,2023,NA,NA,NA,NA
51264,SAMOA,Tau,TAU-01295,TAU-1295,NA,Forereef,Mid,188,RA2301_LEG3,2023,04/07/2023 11.16.11,AGR,-14.26014,-169.500211,-14.26014,-169.500211,0,0,0,-1,-1,9.143553795,13.41054557,1,0,0,0,0,0,0,0,1,0,0,0,TAU_SANCTUARY,NA,NA,RANDOM,RAMP_BASIC,RAMP_BASIC,2023,NA,NA,NA,NA
51261,SAMOA,Tau,TAU-01296,TAU-1296,NA,Forereef,Mid,188,RA2301_LEG3,2023,04/07/2023 11.24.05,PAV,-14.275308,-169.491361,-14.275308,-169.491361,0,0,0,-1,-1,8.533983542,10.3626943,1,0,0,0,0,0,0,0,1,0,0,0,TAU_SANCTUARY,NA,NA,RANDOM,RAMP_BASIC,RAMP_BASIC,2023,NA,NA,NA,NA
51182,SAMOA,Tau,TAU-01302,TAU-1302,NA,Forereef,Mid,188,RA2301_LEG3,2023,04/03/2023 12.36.13,AGR,-14.214573,-169.485759,-14.214573,-169.485759,0,0,0,-1,0,13.10576044,14.02011582,1,0,0,0,0,0,0,0,1,0,0,0,TAU_OPEN,NA,NA,RANDOM,RAMP_BASIC,RAMP_BASIC,2023,NA,NA,NA,NA
51181,SAMOA,Tau,TAU-01304,TAU-1304,NA,Forereef,Mid,188,RA2301_LEG3,2023,04/03/2023 10.49.21,ROB,-14.214323,-169.466882,-14.214323,-169.466882,0,0,0,-1,-1,9.448338921,10.66747943,1,0,0,0,0,0,0,0,1,0,0,0,TAU_OPEN,NA,NA,RANDOM,RAMP_BASIC,RAMP_BASIC,2023,NA,NA,NA,NA
51185,SAMOA,Tau,TAU-01306,TAU-1306,NA,Forereef,Mid,188,RA2301_LEG3,2023,04/03/2023 11.15.37,AGR,-14.241813,-169.419129,-14.241813,-169.419129,0,0,0,-1,-1,11.88661993,13.71533069,1,0,0,0,0,0,0,0,1,0,0,0,TAU_OPEN,NA,NA,RANDOM,RAMP_BASIC,RAMP_BASIC,2023,NA,NA,NA,NA
51263,SAMOA,Tau,TAU-01321,TAU-1321,NA,Forereef,Deep,188,RA2301_LEG3,2023,04/07/2023 09.53.00,AGR,-14.252967,-169.503459,-14.252967,-169.503459,0,0,0,-1,-1,20.42060347,21.03017373,1,0,0,0,0,0,0,0,1,0,0,0,TAU_SANCTUARY,NA,NA,RANDOM,RAMP_BASIC,RAMP_BASIC,2023,NA,NA,NA,NA
51260,SAMOA,Tau,TAU-01322,TAU-1322,NA,Forereef,Deep,188,RA2301_LEG3,2023,04/07/2023 10.16.14,AGR,-14.273143,-169.495454,-14.273143,-169.495454,0,0,0,-1,-1,19.81103322,20.7253886,1,0,0,0,0,0,0,0,1,0,0,0,TAU_SANCTUARY,NA,NA,RANDOM,RAMP_BASIC,RAMP_BASIC,2023,NA,NA,NA,NA
51184,SAMOA,Tau,TAU-01327,TAU-1327,NA,Forereef,Deep,188,RA2301_LEG3,2023,04/03/2023 09.52.00,AGR,-14.248955,-169.418086,-14.248955,-169.418086,0,0,0,-1,-1,22.85888449,24.38281012,1,0,0,0,0,0,0,0,1,0,0,0,TAU_OPEN,NA,NA,RANDOM,RAMP_BASIC,RAMP_BASIC,2023,NA,NA,NA,NA
51180,SAMOA,Tau,TAU-01335,TAU-1335,NA,Forereef,Deep,188,RA2301_LEG3,2023,04/03/2023 09.20.28,AGR,-14.210851,-169.445743,-14.210851,-169.445743,0,0,0,-1,-1,19.5062481,20.7253886,1,0,0,0,0,0,0,0,1,0,0,0,TAU_OPEN,NA,NA,RANDOM,RAMP_BASIC,RAMP_BASIC,2023,NA,NA,NA,NA
51262,SAMOA,Tau,TAU-01341,TAU-1341,NA,Forereef,Mid,188,RA2301_LEG3,2023,04/07/2023 14.10.17,AGR,-14.249653,-169.504868,-14.249653,-169.504868,0,0,0,-1,-1,11.58183481,13.71533069,1,0,0,0,0,0,0,0,1,0,0,0,TAU_SANCTUARY,NA,NA,RANDOM,RAMP_BASIC,RAMP_BASIC,2023,NA,NA,NA,NA
51280,SAMOA,Tutuila,TUT-05961,TUT-5961,NA,Forereef,Deep,188,RA2301_LEG3,2023,04/08/2023 09.52.23,AGR,-14.340092,-170.791304,-14.340092,-170.791304,0,0,0,-1,-1,22.55409936,23.46845474,1,0,0,0,0,0,0,0,1,0,0,0,TUT_SW_OPEN,NA,NA,RANDOM,RAMP_BASIC,RAMP_BASIC,2023,NA,NA,NA,NA
51281,SAMOA,Tutuila,TUT-05876,TUT-5876,NA,Forereef,Mid,188,RA2301_LEG3,2023,04/08/2023 11.06.28,AGR,-14.330245,-170.8126,-14.330245,-170.8126,0,0,0,-1,-1,8.229198415,10.66747943,1,0,0,0,0,0,0,0,1,0,0,0,TUT_SW_OPEN,NA,NA,RANDOM,RAMP_BASIC,RAMP_BASIC,2023,NA,NA,NA,NA
51282,SAMOA,Tutuila,TUT-05763,TUT-5763,NA,Forereef,Shallow,188,RA2301_LEG3,2023,04/08/2023 13.02.44,PAV,-14.326576,-170.834455,-14.326576,-170.834455,0,0,0,-1,-1,2.438281012,4.266991771,1,0,0,0,0,0,0,0,1,0,0,0,TUT_SW_OPEN,NA,NA,RANDOM,RAMP_BASIC,RAMP_BASIC,2023,NA,NA,NA,NA
51283,SAMOA,Tutuila,TUT-05765,TUT-5765,NA,Forereef,Shallow,188,RA2301_LEG3,2023,04/08/2023 14.43.31,SAG,-14.326243,-170.837539,-14.326243,-170.837539,0,0,0,-1,0,3.962206644,5.486132277,1,0,0,0,0,0,0,0,1,0,0,0,TUT_SW_OPEN,NA,NA,RANDOM,RAMP_BASIC,RAMP_BASIC,2023,NA,NA,NA,NA
51284,SAMOA,Tutuila,TUT-05948,TUT-5948,NA,Forereef,Deep,188,RA2301_LEG3,2023,04/08/2023 10.11.13,AGR,-14.350096,-170.789554,-14.350096,-170.789554,0,0,0,-1,-1,21.33495885,22.24931423,1,0,0,0,0,0,0,0,1,0,0,0,TUT_SW_OPEN,NA,NA,RANDOM,RAMP_BASIC,RAMP_BASIC,2023,NA,NA,NA,NA
51285,SAMOA,Tutuila,TUT-05884,TUT-5884,NA,Forereef,Mid,188,RA2301_LEG3,2023,04/08/2023 11.47.58,AGR,-14.335902,-170.803115,-14.335902,-170.803115,0,0,0,-1,-1,11.88661993,13.41054557,1,0,0,0,0,0,0,0,1,0,0,0,TUT_SW_OPEN,NA,NA,RANDOM,RAMP_BASIC,RAMP_BASIC,2023,NA,NA,NA,NA
51286,SAMOA,Tutuila,TUT-05878,TUT-5878,NA,Forereef,Mid,188,RA2301_LEG3,2023,04/08/2023 13.34.34,AGR,-14.334391,-170.818574,-14.334391,-170.818574,0,0,0,-1,-1,12.49619019,13.41054557,1,0,0,0,0,0,0,0,1,0,0,0,TUT_SW_OPEN,NA,NA,RANDOM,RAMP_BASIC,RAMP_BASIC,2023,NA,NA,NA,NA
51287,SAMOA,Tutuila,TUT-05760,TUT-5760,NA,Forereef,Shallow,188,RA2301_LEG3,2023,04/08/2023 15.14.27,AGR,-14.330949,-170.830461,-14.330949,-170.830461,0,0,0,-1,-1,4.266991771,4.571776897,1,0,0,0,0,0,0,0,1,0,0,0,TUT_SW_OPEN,NA,NA,RANDOM,RAMP_BASIC,RAMP_BASIC,2023,NA,NA,NA,NA
51320,SAMOA,Tutuila,TUT-05920,TUT-5920,NA,Forereef,Deep,188,RA2301_LEG3,2023,04/11/2023 09.47.31,AGR,-14.255297,-170.622993,-14.255297,-170.622993,0,0,0,-1,-1,18.89667784,19.81103322,1,0,0,0,0,0,0,0,1,0,0,0,TUT_NE_OPEN,NA,NA,RANDOM,RAMP_BASIC,RAMP_BASIC,2023,NA,NA,NA,NA
51321,SAMOA,Tutuila,TUT-05930,TUT-5930,NA,Forereef,Mid,188,RA2301_LEG3,2023,04/11/2023 12.12.19,AGR,-14.252287,-170.652265,-14.252287,-170.652265,0,0,0,-1,-1,7.010057909,7.924413289,1,0,0,0,0,0,0,0,1,0,0,0,TUT_NE_OPEN,NA,NA,RANDOM,RAMP_BASIC,RAMP_BASIC,2023,NA,NA,NA,NA
51322,SAMOA,Tutuila,TUT-05833,TUT-5833,NA,Forereef,Mid,188,RA2301_LEG3,2023,04/11/2023 13.36.54,AGR,-14.250439,-170.657301,-14.250439,-170.657301,0,0,0,-1,-1,11.58183481,12.80097531,1,0,0,0,0,0,0,0,1,0,0,0,TUT_NE_OPEN,NA,NA,RANDOM,RAMP_BASIC,RAMP_BASIC,2023,NA,NA,NA,NA
51323,SAMOA,Tutuila,TUT-05725,TUT-5725,NA,Forereef,Shallow,188,RA2301_LEG3,2023,04/11/2023 14.45.46,AGR,-14.247567,-170.673476,-14.247567,-170.673476,0,0,0,-1,0,4.571776897,5.486132277,1,0,0,0,0,0,0,0,1,0,0,0,TUT_NE_OPEN,NA,NA,RANDOM,RAMP_BASIC,RAMP_BASIC,2023,NA,NA,NA,NA
51423,SAMOA,Tutuila,TUT-05942,TUT-5942,NA,Forereef,Deep,188,RA2301_LEG3,2023,04/17/2023 09.17.44,AGR,-14.28863,-170.63386,-14.28863,-170.63386,0,0,0,-1,0,20.11581835,20.7253886,1,0,0,0,0,0,0,0,1,0,0,0,TUT_SE_OPEN,NA,NA,RANDOM,RAMP_BASIC,RAMP_BASIC,2023,NA,NA,NA,NA
51424,SAMOA,Tutuila,TUT-05743,TUT-5743,NA,Forereef,Mid,188,RA2301_LEG3,2023,04/17/2023 11.28.01,AGR,-14.279754,-170.6196,-14.279754,-170.6196,0,0,0,-1,0,14.62968607,14.9344712,1,0,0,0,0,0,0,0,1,0,0,0,TUT_SE_OPEN,NA,NA,RANDOM,RAMP_BASIC,RAMP_BASIC,2023,NA,NA,NA,NA
51425,SAMOA,Tutuila,TUT-05745,TUT-5745,NA,Forereef,Shallow,188,RA2301_LEG3,2023,04/17/2023 13.10.53,AGR,-14.272025,-170.608855,-14.272025,-170.608855,0,0,0,-1,0,3.047851265,4.571776897,1,0,0,0,0,0,0,0,1,0,0,0,TUT_SE_OPEN,NA,NA,RANDOM,RAMP_BASIC,RAMP_BASIC,2023,NA,NA,NA,NA
51426,SAMOA,Tutuila,TUT-05738,TUT-5738,NA,Forereef,Shallow,188,RA2301_LEG3,2023,04/17/2023 14.49.33,AGR,-14.277459,-170.60733,-14.277459,-170.60733,0,0,0,-1,0,2.133495885,3.352636391,1,0,0,0,0,0,0,0,1,0,0,0,TUT_SE_OPEN,NA,NA,RANDOM,RAMP_BASIC,RAMP_BASIC,2023,NA,NA,NA,NA
51484,SAMOA,Tutuila,TUT-05913,TUT-5913,NA,Forereef,Deep,188,RA2301_LEG3,2023,04/20/2023 10.19.30,PAV,-14.294678,-170.565554,-14.294678,-170.565554,0,0,0,-1,-1,19.20146297,20.11581835,1,0,0,0,0,0,0,0,1,0,0,0,TUT_AUNUU_A,NA,NA,RANDOM,RAMP_BASIC,RAMP_BASIC,2023,NA,NA,NA,NA
51485,SAMOA,Tutuila,TUT-05804,TUT-5804,NA,Forereef,Mid,188,RA2301_LEG3,2023,04/20/2023 11.33.12,RRB,-14.30062,-170.573322,-14.30062,-170.573322,0,0,0,-1,-1,17.06796708,17.67753734,1,0,0,0,0,0,0,0,1,0,0,0,TUT_AUNUU_A,NA,NA,RANDOM,RAMP_BASIC,RAMP_BASIC,2023,NA,NA,NA,NA
51486,SAMOA,Tutuila,TUT-05713,TUT-5713,NA,Forereef,Mid,188,RA2301_LEG3,2023,04/20/2023 13.07.19,AGR,-14.290293,-170.550115,-14.290293,-170.550115,0,0,0,-1,0,12.19140506,13.71533069,1,0,0,0,0,0,0,0,1,0,0,0,TUT_AUNUU_A,NA,NA,RANDOM,RAMP_BASIC,RAMP_BASIC,2023,NA,NA,NA,NA
51487,SAMOA,Tutuila,TUT-05909,TUT-5909,NA,Forereef,Mid,188,RA2301_LEG3,2023,04/20/2023 13.59.30,PAV,-14.280773,-170.545029,-14.280773,-170.545029,0,0,0,-1,0,12.49619019,14.02011582,1,0,0,0,0,0,0,0,1,0,0,0,TUT_FAGATELE,NA,NA,RANDOM,RAMP_BASIC,RAMP_BASIC,2023,NA,NA,NA,NA
51488,SAMOA,Tutuila,TUT-05807,TUT-5807,NA,Forereef,Mid,188,RA2301_LEG3,2023,04/20/2023 15.09.33,AGR,-14.293184,-170.555268,-14.293184,-170.555268,0,0,0,-1,0,10.3626943,10.97226455,1,0,0,0,0,0,0,0,1,0,0,0,TUT_AUNUU_A,NA,NA,RANDOM,RAMP_BASIC,RAMP_BASIC,2023,NA,NA,NA,NA
51404,SAMOA,Tutuila,TUT-05893,TUT-5893,NA,Forereef,Deep,188,RA2301_LEG3,2023,04/16/2023 09.34.51,AGR,-14.284088,-170.736017,-14.284088,-170.736017,0,0,0,-1,0,22.24931423,22.85888449,1,0,0,0,0,0,0,0,1,0,0,0,TUT_NW_OPEN,NA,NA,RANDOM,RAMP_BASIC,RAMP_BASIC,2023,NA,NA,NA,NA
51405,SAMOA,Tutuila,TUT-05816,TUT-5816,NA,Forereef,Mid,188,RA2301_LEG3,2023,04/16/2023 11.04.44,ROB,-14.236681,-170.672114,-14.236681,-170.672114,0,0,0,-1,0,17.37275221,18.28710759,1,0,0,0,0,0,0,0,1,0,0,0,TUT_NE_OPEN,NA,NA,RANDOM,RAMP_BASIC,RAMP_BASIC,2023,NA,NA,NA,NA
51406,SAMOA,Tutuila,TUT-05831,TUT-5831,NA,Forereef,Mid,188,RA2301_LEG3,2023,04/16/2023 12.43.01,AGR,-14.243888,-170.681417,-14.243888,-170.681417,0,0,0,-1,0,13.41054557,13.71533069,1,0,0,0,0,0,0,0,1,0,0,0,TUT_NE_OPEN,NA,NA,RANDOM,RAMP_BASIC,RAMP_BASIC,2023,NA,NA,NA,NA
51407,SAMOA,Tutuila,TUT-05727,TUT-5727,NA,Forereef,Shallow,188,RA2301_LEG3,2023,04/16/2023 14.07.36,SAG,-14.252155,-170.688808,-14.252155,-170.688808,0,0,0,-1,0,4.876562024,5.486132277,1,0,0,0,0,0,0,0,1,0,0,0,TUT_NE_OPEN,NA,NA,RANDOM,RAMP_BASIC,RAMP_BASIC,2023,NA,NA,NA,NA
51480,SAMOA,Tutuila,TUT-05917,TUT-5917,NA,Forereef,Deep,188,RA2301_LEG3,2023,04/20/2023 10.10.57,PAV,-14.281004,-170.541732,-14.281004,-170.541732,0,0,0,-1,-1,21.33495885,21.94452911,1,0,0,0,0,0,0,0,1,0,0,0,TUT_AUNUU_B,NA,NA,RANDOM,RAMP_BASIC,RAMP_BASIC,2023,NA,NA,NA,NA
51481,SAMOA,Tutuila,TUT-05810,TUT-5810,NA,Forereef,Mid,188,RA2301_LEG3,2023,04/20/2023 12.02.01,PAV,-14.27945,-170.5477,-14.27945,-170.5477,0,0,0,-1,-1,10.3626943,11.58183481,1,0,0,0,0,0,0,0,1,0,0,0,TUT_AUNUU_B,NA,NA,RANDOM,RAMP_BASIC,RAMP_BASIC,2023,NA,NA,NA,NA
51482,SAMOA,Tutuila,TUT-05811,TUT-5811,NA,Forereef,Mid,188,RA2301_LEG3,2023,04/20/2023 13.42.01,PAV,-14.277155,-170.54864,-14.277155,-170.54864,0,0,0,-1,-1,10.05790917,10.3626943,1,0,0,0,0,0,0,0,1,0,0,0,TUT_AUNUU_B,NA,NA,RANDOM,RAMP_BASIC,RAMP_BASIC,2023,NA,NA,NA,NA
51483,SAMOA,Tutuila,TUT-05968,TUT-5968,NA,Forereef,Mid,188,RA2301_LEG3,2023,04/20/2023 14.49.15,PAV,-14.282696,-170.545021,-14.282696,-170.545021,0,0,0,-1,-1,12.19140506,13.10576044,1,0,0,0,0,0,0,0,1,0,0,0,TUT_AUNUU_B,NA,NA,RANDOM,RAMP_BASIC,RAMP_BASIC,2023,NA,NA,NA,NA
51302,SAMOA,Tutuila,TUT-05771,TUT-5771,NA,Forereef,Mid,188,RA2301_LEG3,2023,04/10/2023 12.41.07,AGR,-14.287967,-170.752932,-14.287967,-170.752932,0,0,0,-1,0,13.10576044,14.32490094,1,0,0,0,0,0,0,0,1,0,0,0,TUT_NE_OPEN,NA,NA,RANDOM,RAMP_BASIC,RAMP_BASIC,2023,NA,NA,NA,NA
51303,SAMOA,Tutuila,TUT-05687,TUT-5687,NA,Forereef,Shallow,188,RA2301_LEG3,2023,04/10/2023 14.03.10,SAG,-14.289917,-170.741763,-14.289917,-170.741763,0,0,0,-1,0,3.047851265,3.962206644,1,0,0,0,0,0,0,0,1,0,0,0,TUT_NW_OPEN,NA,NA,RANDOM,RAMP_BASIC,RAMP_BASIC,2023,NA,NA,NA,NA
51304,SAMOA,Tutuila,TUT-05997,TUT-5997,NA,Forereef,Deep,188,RA2301_LEG3,2023,04/10/2023 09.46.06,AGR,-14.300914,-170.823822,-14.300914,-170.823822,0,0,0,-1,-1,18.28710759,20.11581835,1,0,0,0,0,0,0,0,1,0,0,0,TUT_NW_OPEN,NA,NA,RANDOM,RAMP_BASIC,RAMP_BASIC,2023,NA,NA,NA,NA
51305,SAMOA,Tutuila,TUT-05767,TUT-5767,NA,Forereef,Mid,188,RA2301_LEG3,2023,04/10/2023 11.27.12,AGR,-14.299424,-170.81431,-14.299424,-170.81431,0,0,0,-1,-1,7.619628162,8.838768668,1,0,0,0,0,0,0,0,1,0,0,0,TUT_NE_OPEN,NA,NA,RANDOM,RAMP_BASIC,RAMP_BASIC,2023,NA,NA,NA,NA
51306,SAMOA,Tutuila,TUT-05770,TUT-5770,NA,Forereef,Mid,188,RA2301_LEG3,2023,04/10/2023 12.41.21,AGR,-14.29198,-170.802564,-14.29198,-170.802564,0,0,0,-1,0,9.448338921,10.66747943,1,0,0,0,0,0,0,0,1,0,0,0,TUT_NE_OPEN,NA,NA,RANDOM,RAMP_BASIC,RAMP_BASIC,2023,NA,NA,NA,NA
51307,SAMOA,Tutuila,TUT-05690,TUT-5690,NA,Forereef,Shallow,188,RA2301_LEG3,2023,04/10/2023 14.35.40,AGR,-14.291769,-170.780676,-14.291769,-170.780676,0,0,0,-1,-1,3.962206644,5.790917403,1,0,0,0,0,0,0,0,1,0,0,0,TUT_NW_OPEN,NA,NA,RANDOM,RAMP_BASIC,RAMP_BASIC,2023,NA,NA,NA,NA
51324,SAMOA,Tutuila,TUT-05926,TUT-5926,NA,Forereef,Deep,188,RA2301_LEG3,2023,04/11/2023 09.52.12,AGR,-14.255223,-170.605367,-14.255223,-170.605367,0,0,0,-1,-1,21.03017373,21.94452911,1,0,0,0,0,0,0,0,1,0,0,0,TUT_NE_OPEN,NA,NA,RANDOM,RAMP_BASIC,RAMP_BASIC,2023,NA,NA,NA,NA
51325,SAMOA,Tutuila,TUT-05820,TUT-5820,NA,Forereef,Mid,188,RA2301_LEG3,2023,04/11/2023 11.08.36,AGR,-14.25195,-170.614679,-14.25195,-170.614679,0,0,0,-1,0,11.27704968,12.80097531,1,0,0,0,0,0,0,0,1,0,0,0,TUT_NE_OPEN,NA,NA,RANDOM,RAMP_BASIC,RAMP_BASIC,2023,NA,NA,NA,NA
51326,SAMOA,Tutuila,TUT-05822,TUT-5822,NA,Forereef,Mid,188,RA2301_LEG3,2023,04/11/2023 13.22.28,ROB,-14.25291,-170.645889,-14.25291,-170.645889,0,0,0,-1,-1,10.05790917,10.3626943,1,0,0,0,0,0,0,0,1,0,0,0,TUT_NE_OPEN,NA,NA,RANDOM,RAMP_BASIC,RAMP_BASIC,2023,NA,NA,NA,NA
51327,SAMOA,Tutuila,TUT-05719,TUT-5719,NA,Forereef,Shallow,188,RA2301_LEG3,2023,04/11/2023 14.09.24,AGR,-14.246694,-170.668482,-14.246694,-170.668482,0,0,0,-1,-1,5.18134715,5.790917403,1,0,0,0,0,0,0,0,1,0,0,0,TUT_NE_OPEN,NA,NA,RANDOM,RAMP_BASIC,RAMP_BASIC,2023,NA,NA,NA,NA
51340,SAMOA,Tutuila,TUT-05984,TUT-5984,NA,Forereef,Deep,188,RA2301_LEG3,2023,04/12/2023 09.48.39,AGR,-14.34741,-170.720946,-14.34741,-170.720946,0,0,0,-1,0,23.46845474,24.07802499,1,0,0,0,0,0,0,0,1,0,0,0,TUT_SE_OPEN,NA,NA,RANDOM,RAMP_BASIC,RAMP_BASIC,2023,NA,NA,NA,NA
51341,SAMOA,Tutuila,TUT-05839,TUT-5839,NA,Forereef,Mid,188,RA2301_LEG3,2023,04/12/2023 11.15.02,PAV,-14.337132,-170.706878,-14.337132,-170.706878,0,0,0,-1,0,13.71533069,14.02011582,1,0,0,0,0,0,0,0,1,0,0,0,TUT_SE_OPEN,NA,NA,RANDOM,RAMP_BASIC,RAMP_BASIC,2023,NA,NA,NA,NA
51342,SAMOA,Tutuila,TUT-05861,TUT-5861,NA,Forereef,Mid,188,RA2301_LEG3,2023,04/12/2023 12.38.39,AGR,-14.308106,-170.691336,-14.308106,-170.691336,0,0,0,-1,0,10.3626943,12.19140506,1,0,0,0,0,0,0,0,1,0,0,0,TUT_SE_OPEN,NA,NA,RANDOM,RAMP_BASIC,RAMP_BASIC,2023,NA,NA,NA,NA
51343,SAMOA,Tutuila,TUT-05865,TUT-5865,NA,Forereef,Mid,188,RA2301_LEG3,2023,04/12/2023 14.15.22,AGR,-14.300534,-170.674962,-14.300534,-170.674962,0,0,0,-1,0,9.448338921,10.3626943,1,0,0,0,0,0,0,0,1,0,0,0,TUT_SE_OPEN,NA,NA,RANDOM,RAMP_BASIC,RAMP_BASIC,2023,NA,NA,NA,NA
51344,SAMOA,Tutuila,TUT-05937,TUT-5937,NA,Forereef,Deep,188,RA2301_LEG3,2023,04/12/2023 09.47.15,AGR,-14.360202,-170.7354,-14.360202,-170.7354,0,0,0,-1,0,19.5062481,20.7253886,1,0,0,0,0,0,0,0,1,0,0,0,TUT_SE_OPEN,NA,NA,RANDOM,RAMP_BASIC,RAMP_BASIC,2023,NA,NA,NA,NA
51345,SAMOA,Tutuila,TUT-05862,TUT-5862,NA,Forereef,Mid,188,RA2301_LEG3,2023,04/12/2023 11.14.16,AGR,-14.342123,-170.719567,-14.342123,-170.719567,0,0,0,-1,0,12.19140506,12.80097531,1,0,0,0,0,0,0,0,1,0,0,0,TUT_SE_OPEN,NA,NA,RANDOM,RAMP_BASIC,RAMP_BASIC,2023,NA,NA,NA,NA
51346,SAMOA,Tutuila,TUT-05864,TUT-5864,NA,Forereef,Mid,188,RA2301_LEG3,2023,04/12/2023 13.03.58,AGR,-14.337464,-170.712544,-14.337464,-170.712544,0,0,0,-1,0,9.143553795,9.448338921,1,0,0,0,0,0,0,0,1,0,0,0,TUT_SE_OPEN,NA,NA,RANDOM,RAMP_BASIC,RAMP_BASIC,2023,NA,NA,NA,NA
51347,SAMOA,Tutuila,TUT-05860,TUT-5860,NA,Forereef,Mid,188,RA2301_LEG3,2023,04/12/2023 14.03.10,AGR,-14.32705,-170.694368,-14.32705,-170.694368,0,0,0,-1,0,9.143553795,10.3626943,1,0,0,0,0,0,0,0,1,0,0,0,TUT_SE_OPEN,NA,NA,RANDOM,RAMP_BASIC,RAMP_BASIC,2023,NA,NA,NA,NA
51400,SAMOA,Tutuila,TUT-05888,TUT-5888,NA,Forereef,Deep,188,RA2301_LEG3,2023,04/16/2023 09.22.04,AGR,-14.264252,-170.714077,-14.264252,-170.714077,0,0,0,-1,0,20.11581835,20.7253886,1,0,0,0,0,0,0,0,1,0,0,0,TUT_NW_OPEN,NA,NA,RANDOM,RAMP_BASIC,RAMP_BASIC,2023,NA,NA,NA,NA
51401,SAMOA,Tutuila,TUT-05825,TUT-5825,NA,Forereef,Mid,188,RA2301_LEG3,2023,04/16/2023 10.39.49,AGR,-14.249282,-170.690557,-14.249282,-170.690557,0,0,0,-1,0,13.71533069,14.32490094,1,0,0,0,0,0,0,0,1,0,0,0,TUT_NE_OPEN,NA,NA,RANDOM,RAMP_BASIC,RAMP_BASIC,2023,NA,NA,NA,NA
51402,SAMOA,Tutuila,TUT-05922,TUT-5922,NA,Forereef,Mid,188,RA2301_LEG3,2023,04/16/2023 12.25.05,PAV,-14.24664,-170.687113,-14.24664,-170.687113,0,0,0,-1,0,10.05790917,11.27704968,1,0,0,0,0,0,0,0,1,0,0,0,TUT_NE_OPEN,NA,NA,RANDOM,RAMP_BASIC,RAMP_BASIC,2023,NA,NA,NA,NA
51403,SAMOA,Tutuila,TUT-05728,TUT-5728,NA,Forereef,Shallow,188,RA2301_LEG3,2023,04/16/2023 13.41.42,PAV,-14.240018,-170.675025,-14.240018,-170.675025,0,0,0,-1,0,5.18134715,5.790917403,1,0,0,0,0,0,0,0,1,0,0,0,TUT_NE_OPEN,NA,NA,RANDOM,RAMP_BASIC,RAMP_BASIC,2023,NA,NA,NA,NA
51420,SAMOA,Tutuila,TUT-05938,TUT-5938,NA,Forereef,Deep,188,RA2301_LEG3,2023,04/17/2023 09.31.40,AGR,-14.295733,-170.651475,-14.295733,-170.651475,0,0,0,-1,0,20.42060347,21.63974398,1,0,0,0,0,0,0,0,1,0,0,0,TUT_SE_OPEN,NA,NA,RANDOM,RAMP_BASIC,RAMP_BASIC,2023,NA,NA,NA,NA
51421,SAMOA,Tutuila,TUT-05863,TUT-5863,NA,Forereef,Mid,188,RA2301_LEG3,2023,04/17/2023 12.07.33,AGR,-14.283092,-170.606971,-14.283092,-170.606971,0,0,0,-1,0,11.88661993,12.80097531,1,0,0,0,0,0,0,0,1,0,0,0,TUT_SE_OPEN,NA,NA,RANDOM,RAMP_BASIC,RAMP_BASIC,2023,NA,NA,NA,NA
51422,SAMOA,Tutuila,TUT-05853,TUT-5853,NA,Forereef,Mid,188,RA2301_LEG3,2023,04/17/2023 13.48.23,AGR,-14.28321,-170.62463,-14.28321,-170.62463,0,0,0,-1,0,11.27704968,12.19140506,1,0,0,0,0,0,0,0,1,0,0,0,TUT_SE_OPEN,NA,NA,RANDOM,RAMP_BASIC,RAMP_BASIC,2023,NA,NA,NA,NA
51440,SAMOA,Tutuila,TUT-05906,TUT-5906,NA,Forereef,Deep,188,RA2301_LEG3,2023,04/18/2023 10.09.50,AGR,-14.366136,-170.764082,-14.366136,-170.764082,0,0,0,-1,-1,23.77323987,24.38281012,1,0,0,0,0,0,0,0,1,0,0,0,TUT_FAGATELE,NA,NA,RANDOM,RAMP_BASIC,RAMP_BASIC,2023,NA,NA,NA,NA
51441,SAMOA,Tutuila,TUT-05797,TUT-5797,NA,Forereef,Mid,188,RA2301_LEG3,2023,04/18/2023 11.22.17,AGR,-14.365622,-170.762868,-14.365622,-170.762868,0,0,0,-1,-1,10.97226455,11.88661993,1,0,0,0,0,0,0,0,1,0,0,0,TUT_FAGATELE,NA,NA,RANDOM,RAMP_BASIC,RAMP_BASIC,2023,NA,NA,NA,NA
51442,SAMOA,Tutuila,TUT-05795,TUT-5795,NA,Forereef,Mid,188,RA2301_LEG3,2023,04/18/2023 12.44.32,AGR,-14.364058,-170.761836,-14.364058,-170.761836,0,0,0,-1,-1,6.400487656,7.924413289,1,0,0,0,0,0,0,0,1,0,0,0,TUT_FAGATELE,NA,NA,RANDOM,RAMP_BASIC,RAMP_BASIC,2023,NA,NA,NA,NA
51443,SAMOA,Tutuila,TUT-05709,TUT-5709,NA,Forereef,Shallow,188,RA2301_LEG3,2023,04/18/2023 14.07.07,AGR,-14.365412,-170.761482,-14.365412,-170.761482,0,0,0,-1,-1,3.962206644,4.876562024,1,0,0,0,0,0,0,0,1,0,0,0,TUT_FAGATELE,NA,NA,RANDOM,RAMP_BASIC,RAMP_BASIC,2023,NA,NA,NA,NA
51444,SAMOA,Tutuila,TUT-05902,TUT-5902,NA,Forereef,Deep,188,RA2301_LEG3,2023,04/18/2023 09.32.57,AGR,-14.361659,-170.750929,-14.361659,-170.750929,0,0,0,-1,0,20.11581835,21.33495885,1,0,0,0,0,0,0,0,1,0,0,0,TUT_FAGALUA,NA,NA,RANDOM,RAMP_BASIC,RAMP_BASIC,2023,NA,NA,NA,NA
51445,SAMOA,Tutuila,TUT-05788,TUT-5788,NA,Forereef,Mid,188,RA2301_LEG3,2023,04/18/2023 10.40.38,AGR,-14.361147,-170.748325,-14.361147,-170.748325,0,0,0,-1,0,11.58183481,13.10576044,1,0,0,0,0,0,0,0,1,0,0,0,TUT_FAGALUA,NA,NA,RANDOM,RAMP_BASIC,RAMP_BASIC,2023,NA,NA,NA,NA
51446,SAMOA,Tutuila,TUT-05789,TUT-5789,NA,Forereef,Shallow,188,RA2301_LEG3,2023,04/18/2023 12.38.50,AGR,-14.359775,-170.749356,-14.359775,-170.749356,0,0,0,-1,0,4.266991771,5.790917403,1,0,0,0,0,0,0,0,1,0,0,0,TUT_FAGALUA,NA,NA,RANDOM,RAMP_BASIC,RAMP_BASIC,2023,NA,NA,NA,NA
51447,SAMOA,Tutuila,TUT-05903,TUT-5903,NA,Forereef,Shallow,188,RA2301_LEG3,2023,04/18/2023 14.26.00,AGR,-14.361773,-170.752602,-14.361773,-170.752602,0,0,0,-1,0,3.352636391,5.486132277,1,0,0,0,0,0,0,0,1,0,0,0,TUT_FAGALUA,NA,NA,RANDOM,RAMP_BASIC,RAMP_BASIC,2023,NA,NA,NA,NA
51460,SAMOA,Tutuila,TUT-05858,TUT-5858,NA,Forereef,Mid,188,RA2301_LEG3,2023,04/19/2023 09.11.41,AGR,-14.34884,-170.723,-14.34884,-170.723,0,0,0,-1,0,15.84882658,16.76318196,1,0,0,0,0,0,0,0,1,0,0,0,TUT_SE_OPEN,NA,NA,RANDOM,RAMP_BASIC,RAMP_BASIC,2023,NA,NA,NA,NA
51461,SAMOA,Tutuila,TUT-05982,TUT-5982,NA,Forereef,Mid,188,RA2301_LEG3,2023,04/19/2023 10.36.17,AGR,-14.344802,-170.719239,-14.344802,-170.719239,0,0,0,-1,0,11.88661993,12.80097531,1,0,0,0,0,0,0,0,1,0,0,0,TUT_SE_OPEN,NA,NA,RANDOM,RAMP_BASIC,RAMP_BASIC,2023,NA,NA,NA,NA
51462,SAMOA,Tutuila,TUT-05990,TUT-5990,NA,Forereef,Mid,188,RA2301_LEG3,2023,04/19/2023 12.36.07,AGR,-14.338761,-170.717171,-14.338761,-170.717171,0,0,0,-1,0,10.97226455,13.71533069,1,0,0,0,0,0,0,0,1,0,0,0,TUT_SE_OPEN,NA,NA,RANDOM,RAMP_BASIC,RAMP_BASIC,2023,NA,NA,NA,NA
51463,SAMOA,Tutuila,TUT-05975,TUT-5975,NA,Forereef,Mid,188,RA2301_LEG3,2023,04/19/2023 14.04.47,AGR,-14.337026,-170.710782,-14.337026,-170.710782,0,0,0,-1,0,8.838768668,9.753124048,1,0,0,0,0,0,0,0,1,0,0,0,TUT_SE_OPEN,NA,NA,RANDOM,RAMP_BASIC,RAMP_BASIC,2023,NA,NA,NA,NA
51464,SAMOA,Tutuila,TUT-05935,TUT-5935,NA,Forereef,Mid,188,RA2301_LEG3,2023,04/19/2023 09.34.39,AGR,-14.364271,-170.738319,-14.364271,-170.738319,0,0,0,-1,0,14.02011582,15.23925632,1,0,0,0,0,0,0,0,1,0,0,0,TUT_SE_OPEN,NA,NA,RANDOM,RAMP_BASIC,RAMP_BASIC,2023,NA,NA,NA,NA
51465,SAMOA,Tutuila,TUT-05847,TUT-5847,NA,Forereef,Mid,188,RA2301_LEG3,2023,04/19/2023 10.59.13,AGR,-14.358896,-170.734191,-14.358896,-170.734191,0,0,0,-1,0,13.10576044,14.62968607,1,0,0,0,0,0,0,0,1,0,0,0,TUT_SE_OPEN,NA,NA,RANDOM,RAMP_BASIC,RAMP_BASIC,2023,NA,NA,NA,NA
51466,SAMOA,Tutuila,TUT-05840,TUT-5840,NA,Forereef,Mid,188,RA2301_LEG3,2023,04/19/2023 12.36.15,RRB,-14.353795,-170.730062,-14.353795,-170.730062,0,0,0,-1,0,13.41054557,15.23925632,1,0,0,0,0,0,0,0,1,0,0,0,TUT_SE_OPEN,NA,NA,RANDOM,RAMP_BASIC,RAMP_BASIC,2023,NA,NA,NA,NA
51467,SAMOA,Tutuila,TUT-05842,TUT-5842,NA,Forereef,Mid,188,RA2301_LEG3,2023,04/19/2023 13.49.37,AGR,-14.348387,-170.72576,-14.348387,-170.72576,0,0,0,-1,0,9.753124048,11.27704968,1,0,0,0,0,0,0,0,1,0,0,0,TUT_SE_OPEN,NA,NA,RANDOM,RAMP_BASIC,RAMP_BASIC,2023,NA,NA,NA,NA
51300,SAMOA,Tutuila,TUT-05891,TUT-5891,NA,Forereef,Deep,188,RA2301_LEG3,2023,04/10/2023 09.38.20,AGR,-14.272205,-170.723301,-14.272205,-170.723301,0,0,0,-1,-1,18.89667784,19.81103322,1,0,0,0,0,0,0,0,1,0,0,0,TUT_NW_OPEN,NA,NA,RANDOM,RAMP_BASIC,RAMP_BASIC,2023,NA,NA,NA,NA
51301,SAMOA,Tutuila,TUT-05775,TUT-5775,NA,Forereef,Mid,188,RA2301_LEG3,2023,04/10/2023 10.59.41,AGR,-14.288163,-170.759358,-14.288163,-170.759358,0,0,0,-1,-1,12.49619019,13.71533069,1,0,0,0,0,0,0,0,1,0,0,0,TUT_NE_OPEN,NA,NA,RANDOM,RAMP_BASIC,RAMP_BASIC,2023,NA,NA,NA,NA
